a	0.0313682500
abandoned	0.0003903000
abducted	0.0002516000
ability	0.0002754500
able	0.0005764500
about	0.0052846250
above	0.0012330250
absence	0.0007218500
absolutely	0.0007314750
absorb	0.0000000000
abstract	0.0000000000
absurd	0.0019376250
abuse	0.0008455750
abused	0.0002516000
academy	0.0003408250
accent	0.0008772750
accepted	0.0000000000
accepts	0.0000000000
access	0.0000000000
acclaimed	0.0003306750
accomplice	0.0001419250
according	0.0003306750
accountant	0.0000000000
accrued	0.0003903000
accumulated	0.0002516000
accurate	0.0016483750
accusations	0.0010619000
accused	0.0007363250
accuses	0.0000000000
achieve	0.0010419250
achievement	0.0000000000
achieving	0.0006347250
acquainted	0.0003357500
acquaints	0.0003357500
across	0.0013255500
act	0.0000000000
acted	0.0000000000
acting	0.0015963750
action	0.0023996750
actions	0.0006347250
actor	0.0009842000
actors	0.0023482000
actress	0.0016099500
actresses	0.0023069750
acts	0.0000000000
actual	0.0007213750
actually	0.0026734500
add	0.0001196500
added	0.0005693250
additional	0.0000000000
adds	0.0004538750
admit	0.0003544750
adopted	0.0002516000
adoptive	0.0008174000
adopts	0.0000000000
ads	0.0004997500
adult	0.0006102000
adults	0.0007889000
adventure	0.0001419250
affect	0.0012387000
affected	0.0002754500
affectionate	0.0000000000
affects	0.0010419250
affluence	0.0002754500
afraid	0.0003377250
after	0.0025377750
again	0.0007923500
against	0.0000000000
age	0.0007889000
aggravates	0.0008002750
ago	0.0003834500
agree	0.0010619000
agreements	0.0002516000
ahead	0.0003834500
aids	0.0007825500
ailments	0.0003306750
air	0.0010698750
aires	0.0000000000
airline	0.0001419250
airport	0.0017034750
airwaves	0.0002516000
alice	0.0000000000
alida	0.0000000000
aliens	0.0000000000
alive	0.0000000000
all	0.0049416500
allen	0.0050797000
alluring	0.0000000000
almost	0.0012098500
alone	0.0000000000
along	0.0003135750
already	0.0002285000
alright	0.0001419250
also	0.0037640500
although	0.0007556750
always	0.0000000000
am	0.0001289000
amazement	0.0006347250
amazing	0.0000000000
ameche	0.0000000000
american	0.0007985000
americanized	0.0007462750
americans	0.0000000000
amid	0.0002754500
among	0.0003408250
amoral	0.0000000000
amount	0.0003608000
amuse	0.0006347250
amusing	0.0006102000
an	0.0072829000
and	0.0230380000
anderson	0.0007739750
anger	0.0003067250
angie	0.0027368500
angles	0.0021404500
angry	0.0000000000
angst	0.0018038000
angular	0.0002754500
animated	0.0000000000
ann	0.0017058000
anna	0.0006078500
annoying	0.0000000000
another	0.0016798000
answer	0.0000000000
anthony	0.0003408250
anti	0.0013693500
anticipate	0.0002516000
any	0.0017915500
anybody	0.0007777500
anyone	0.0012160500
anything	0.0013961500
anyway	0.0011479000
apartment	0.0002516000
apparent	0.0008627750
apparently	0.0008367250
appeal	0.0000000000
appear	0.0000000000
appears	0.0012562750
applauded	0.0010619000
applause	0.0003834500
apples	0.0000000000
arch	0.0006102000
arcs	0.0008242250
are	0.0074417000
aren	0.0001419250
argentina	0.0000000000
argument	0.0008002750
arise	0.0003003250
aristocratic	0.0000000000
aristocrats	0.0000000000
armistead	0.0013573000
arms	0.0000000000
around	0.0005403500
arrange	0.0005693250
arrive	0.0007599250
arriving	0.0006102000
art	0.0016236500
artist	0.0000000000
artistic	0.0003834500
artistically	0.0000000000
arts	0.0000000000
as	0.0088969250
ashe	0.0005288250
ashton	0.0000000000
aside	0.0000000000
asks	0.0003903000
asleep	0.0000000000
aspect	0.0000000000
aspects	0.0000000000
associates	0.0002516000
assumed	0.0000000000
astonishing	0.0000000000
at	0.0070609250
atmosphere	0.0000000000
attempt	0.0019774000
attempts	0.0008065500
attendants	0.0003306750
attention	0.0005693250
attractive	0.0000000000
audience	0.0027580000
audiences	0.0003903000
aunt	0.0000000000
aural	0.0003377250
authentic	0.0003903000
auto	0.0006102000
autobiography	0.0003408250
automatically	0.0008242250
available	0.0000000000
average	0.0003608000
avoid	0.0003972750
await	0.0001419250
award	0.0006446750
awards	0.0003306750
aware	0.0000000000
away	0.0017873500
awful	0.0005351250
b	0.0006102000
babble	0.0002754500
bacall	0.0010410000
back	0.0010427500
backdrop	0.0002501750
background	0.0001289000
backgrounds	0.0002516000
backlot	0.0000000000
bad	0.0026507000
badly	0.0001289000
bag	0.0016241750
baked	0.0002754500
baker	0.0002516000
bang	0.0001419250
bangs	0.0000000000
banishes	0.0000000000
banker	0.0001419250
barely	0.0003910750
based	0.0010364500
basic	0.0006134750
basically	0.0006870000
bath	0.0006945750
bathroom	0.0002516000
battles	0.0000000000
be	0.0070508750
beach	0.0003377250
bearable	0.0010935000
beat	0.0000000000
beatings	0.0000000000
beatles	0.0000000000
beautiful	0.0006945750
beauty	0.0000000000
because	0.0030212000
becky	0.0002516000
become	0.0001289000
becomes	0.0016388750
becoming	0.0003377250
bed	0.0010935000
been	0.0046461750
before	0.0023564000
begin	0.0000000000
beginning	0.0011807000
behavior	0.0008242250
behind	0.0001289000
beijing	0.0000000000
being	0.0031029750
believable	0.0014242250
believe	0.0012121750
belonging	0.0001419250
belongs	0.0006548000
ben	0.0000000000
benefit	0.0003306750
bergman	0.0038508750
berman	0.0002754500
bermuda	0.0001419250
best	0.0036182000
bet	0.0010063500
beth	0.0003377250
better	0.0052675750
betty	0.0000000000
between	0.0009643000
beyond	0.0005509000
biased	0.0000000000
bicycle	0.0000000000
big	0.0005275250
biggest	0.0006102000
bike	0.0000000000
bill	0.0000000000
billies	0.0000000000
bird	0.0008367250
bit	0.0012336250
bitchy	0.0016241750
bits	0.0007314750
bizarre	0.0003903000
black	0.0000000000
blaisdell	0.0025389750
blame	0.0013576500
bland	0.0001419250
blazing	0.0008972500
bleeds	0.0007363250
bleibtreau	0.0003219500
bless	0.0003408250
blindness	0.0003306750
blockbuster	0.0006347250
blonde	0.0000000000
blood	0.0000000000
bloody	0.0000000000
blow	0.0006556000
blue	0.0000000000
board	0.0001289000
bobby	0.0016297750
bodies	0.0001419250
body	0.0000000000
boiler	0.0002516000
bolt	0.0022681500
bombed	0.0003408250
bondage	0.0003834500
bonus	0.0005693250
book	0.0012648000
boost	0.0000000000
boot	0.0003049250
bored	0.0003219500
boredom	0.0007268250
boring	0.0018932000
born	0.0003903000
boss	0.0007363250
boston	0.0000000000
both	0.0011213750
bother	0.0000000000
bothered	0.0000000000
bottom	0.0006547750
bounced	0.0003219500
bound	0.0000000000
boy	0.0039745000
boyfriend	0.0010747250
boyz	0.0000000000
bracelet	0.0002516000
brain	0.0000000000
brains	0.0007218500
branagh	0.0003377250
brand	0.0001419250
brass	0.0000000000
brassy	0.0000000000
break	0.0000000000
breaks	0.0000000000
brian	0.0010619000
bridges	0.0000000000
brie	0.0002754500
brief	0.0006102000
briefly	0.0009688000
bright	0.0000000000
brilliant	0.0011886250
brilliantly	0.0003408250
bring	0.0000000000
bristish	0.0000000000
britain	0.0000000000
british	0.0000000000
bro	0.0000000000
bromwell	0.0031554750
brooks	0.0034651750
brother	0.0003377250
brought	0.0000000000
brutal	0.0010100750
bubble	0.0006945750
buddy	0.0000000000
buenos	0.0000000000
buffs	0.0006102000
building	0.0000000000
buildings	0.0002516000
bullshit	0.0000000000
bunch	0.0001419250
burn	0.0007889000
burning	0.0000000000
bus	0.0000000000
business	0.0006102000
businessman	0.0001419250
busy	0.0003903000
but	0.0094091000
by	0.0060459000
c	0.0002924000
caddie	0.0000000000
caddies	0.0000000000
caddy	0.0000000000
called	0.0012958000
came	0.0015204500
cameo	0.0000000000
camera	0.0007805500
can	0.0058329250
canadian	0.0006817750
canceled	0.0000000000
cannavale	0.0020505000
cannon	0.0008907250
cannot	0.0011529250
capable	0.0000000000
captivated	0.0006548000
captures	0.0003972750
car	0.0030652250
carbon	0.0000000000
care	0.0002881000
career	0.0005003250
careers	0.0000000000
careful	0.0002516000
cares	0.0003972750
caretaker	0.0003408250
cargo	0.0001419250
caring	0.0003377250
carl	0.0003377250
carlin	0.0002516000
carmen	0.0000000000
carnivale	0.0000000000
carries	0.0016241750
carry	0.0007945250
carter	0.0003834500
cartoon	0.0007889000
casablanca	0.0000000000
case	0.0023825000
cast	0.0033441750
casting	0.0006643250
catholic	0.0000000000
caught	0.0000000000
cause	0.0002516000
caused	0.0002754500
causes	0.0003903000
ceiling	0.0000000000
celebrated	0.0003306750
celebrates	0.0000000000
celebrities	0.0002516000
celebrity	0.0003377250
cell	0.0000000000
cemeteries	0.0000000000
central	0.0000000000
century	0.0000000000
ceremony	0.0010935000
certain	0.0010061750
certainly	0.0017337000
challenge	0.0000000000
chambers	0.0002839500
chance	0.0003608000
change	0.0013642500
changing	0.0003608000
chantings	0.0009688000
chaperone	0.0006102000
character	0.0030508750
characteristic	0.0009127000
characterization	0.0003306750
characters	0.0021837500
charisma	0.0007777500
charlie	0.0035810500
charlotte	0.0000000000
charming	0.0000000000
cheap	0.0012835250
cheats	0.0006102000
check	0.0000000000
cheese	0.0002754500
cheesy	0.0000000000
chef	0.0007777500
chemistry	0.0007777500
child	0.0002560750
childhood	0.0000000000
chilling	0.0003408250
chilly	0.0003357500
chinese	0.0000000000
chock	0.0003377250
choices	0.0007932250
chopped	0.0003306750
chose	0.0002754500
christ	0.0000000000
christopher	0.0001419250
cigarettes	0.0002754500
cinderella	0.0000000000
cinematography	0.0007278750
circle	0.0008002750
circumstance	0.0000000000
citizen	0.0008907250
city	0.0006921250
class	0.0005733250
classic	0.0019855000
classics	0.0007363250
clear	0.0009499250
clearly	0.0000000000
clever	0.0006347250
clich	0.0000000000
cliched	0.0000000000
climactic	0.0006102000
climax	0.0006817750
close	0.0013505000
closer	0.0007889000
closet	0.0000000000
clothes	0.0007363250
clothing	0.0000000000
cloud	0.0000000000
club	0.0012694250
clubs	0.0000000000
clueless	0.0006945750
clumsy	0.0002924000
cluttered	0.0000000000
co	0.0005779750
coaxed	0.0000000000
cocked	0.0000000000
cocky	0.0000000000
collete	0.0010885250
collette	0.0044863750
colors	0.0013148250
comatose	0.0003219500
combine	0.0016483750
come	0.0038230500
comeback	0.0000000000
comedic	0.0010935250
comedies	0.0011185250
comedy	0.0049476250
comes	0.0002676750
comic	0.0007040500
comical	0.0003903000
coming	0.0006377500
commendable	0.0008627750
commenters	0.0006817750
comments	0.0009646500
commercials	0.0000000000
commit	0.0006102000
companion	0.0003219500
compared	0.0002516000
compel	0.0000000000
compelling	0.0009780000
compels	0.0003357500
compete	0.0000000000
competing	0.0000000000
complaining	0.0007218500
complaint	0.0012628500
complete	0.0007274000
completely	0.0024857500
complex	0.0000000000
computer	0.0002516000
concept	0.0003408250
concerned	0.0006102000
concerns	0.0012694250
concorde	0.0001419250
condensed	0.0008002750
conditions	0.0000000000
confirmed	0.0003408250
conflicted	0.0002516000
confused	0.0003095500
confusion	0.0000000000
connect	0.0002754500
connection	0.0004177250
consideration	0.0003306750
considered	0.0017255750
consistencies	0.0000000000
constant	0.0003903000
constantly	0.0003095500
contact	0.0005170750
contained	0.0000000000
contains	0.0000000000
contemplates	0.0000000000
contemporaneous	0.0010619000
contempt	0.0002754500
content	0.0007462750
context	0.0000000000
contracted	0.0003408250
contrary	0.0010619000
control	0.0001289000
convinced	0.0007777500
convincing	0.0000000000
convincingly	0.0000000000
cooking	0.0000000000
cool	0.0000000000
cop	0.0000000000
copy	0.0003067250
core	0.0011748000
corn	0.0007363250
corpses	0.0000000000
correct	0.0003306750
correspondence	0.0002516000
corruption	0.0010935000
cosmopolitan	0.0002754500
costner	0.0000000000
costume	0.0000000000
cottage	0.0000000000
could	0.0048160250
couldn	0.0009271250
counselors	0.0003903000
counter	0.0000000000
countless	0.0000000000
country	0.0003482750
couple	0.0011559250
courage	0.0000000000
course	0.0001016750
cowardice	0.0006945750
crap	0.0008761750
crashing	0.0002839500
crawford	0.0000000000
crawfords	0.0000000000
crazed	0.0000000000
crazy	0.0009688000
create	0.0003834500
creating	0.0000000000
creation	0.0000000000
creative	0.0000000000
creature	0.0012694250
credit	0.0000000000
credits	0.0001289000
creepy	0.0009709000
crew	0.0001419250
cringe	0.0000000000
critically	0.0003306750
criticism	0.0000000000
critics	0.0021239250
cross	0.0001419250
crush	0.0007363250
crust	0.0000000000
cry	0.0003095500
crying	0.0000000000
cryptic	0.0009688000
cube	0.0000000000
cues	0.0000000000
cuff	0.0000000000
culinary	0.0007777500
culkin	0.0028653500
cullum	0.0005829750
cult	0.0003408250
cultural	0.0009644500
culture	0.0000000000
curiosity	0.0003377250
current	0.0000000000
curse	0.0000000000
cut	0.0022453750
cutest	0.0000000000
d	0.0025671000
dad	0.0005542000
dafoe	0.0006347250
damage	0.0002754500
damn	0.0007462750
dance	0.0000000000
dancer	0.0002285000
dancing	0.0006556000
danger	0.0001419250
dangerous	0.0003408250
dark	0.0028180250
darkness	0.0003608000
dated	0.0001419250
daughter	0.0001419250
dawson	0.0007564250
day	0.0004670750
days	0.0006823750
dc	0.0003834500
dead	0.0001196500
deadly	0.0003306750
deaf	0.0000000000
deafening	0.0003377250
deal	0.0000000000
deals	0.0000000000
death	0.0008043250
debut	0.0000000000
decade	0.0003408250
decades	0.0003903000
decent	0.0006341000
decide	0.0019128500
decides	0.0005334250
deciding	0.0002516000
decrescendos	0.0003219500
deepening	0.0003903000
defined	0.0002754500
definitely	0.0019052500
defying	0.0006102000
deleted	0.0003306750
delight	0.0000000000
delightful	0.0000000000
deliver	0.0003219500
delivers	0.0002924000
delivery	0.0006817750
demands	0.0000000000
demeanor	0.0016241750
demme	0.0000000000
demolition	0.0007363250
demonstration	0.0000000000
denise	0.0021059250
depalma	0.0010619000
department	0.0000000000
departure	0.0002285000
depicted	0.0000000000
depicting	0.0000000000
depicts	0.0003903000
depression	0.0000000000
depth	0.0002501750
derange	0.0002516000
descent	0.0015030000
deserve	0.0002787750
deserved	0.0000000000
deserves	0.0013897250
design	0.0007845000
designers	0.0000000000
desire	0.0000000000
desired	0.0010419250
despair	0.0003903000
desperate	0.0011990500
desperately	0.0000000000
desperation	0.0002516000
despite	0.0010463500
destroyed	0.0000000000
detail	0.0003357500
detailing	0.0003357500
details	0.0000000000
determination	0.0000000000
determine	0.0007462750
detract	0.0000000000
developing	0.0000000000
development	0.0009931250
device	0.0000000000
devious	0.0002516000
devoid	0.0008002750
dialog	0.0003377250
dialogue	0.0015102250
dickens	0.0003377250
did	0.0031000750
didn	0.0027404250
died	0.0000000000
dies	0.0000000000
differences	0.0000000000
different	0.0007039500
difficult	0.0000000000
diggers	0.0007363250
dignified	0.0000000000
dignity	0.0002924000
dilemma	0.0001419250
dillane	0.0000000000
dime	0.0000000000
dimensional	0.0003219500
dinner	0.0010935000
dir	0.0002516000
directed	0.0008456500
directing	0.0005848750
direction	0.0020866500
directly	0.0008289250
director	0.0043149750
directorial	0.0003067250
directors	0.0007040500
directs	0.0002516000
disappointed	0.0010770500
disaster	0.0005678000
disbelief	0.0000000000
disciplined	0.0000000000
discover	0.0003903000
discovering	0.0002516000
discovers	0.0003357500
discovery	0.0001419250
discussion	0.0010935000
disengagement	0.0000000000
dishonest	0.0007363250
disney	0.0000000000
disneyfied	0.0000000000
dispersion	0.0003306750
displayed	0.0003972750
displays	0.0000000000
dissonance	0.0000000000
distance	0.0003377250
distorted	0.0002754500
distrust	0.0000000000
disturbed	0.0002516000
disturbing	0.0011408750
disused	0.0001419250
divorce	0.0004786750
do	0.0022599500
documentary	0.0000000000
documenting	0.0000000000
does	0.0021361250
doesn	0.0022949250
doggedly	0.0000000000
doing	0.0000000000
doll	0.0000000000
domineering	0.0003377250
domino	0.0000000000
don	0.0048238750
done	0.0025044000
donna	0.0017226250
doo	0.0006102000
doors	0.0001289000
double	0.0006102000
doubt	0.0006921250
down	0.0010023250
dozen	0.0000000000
drag	0.0006102000
dragged	0.0000000000
dragons	0.0000000000
dragstrip	0.0022901250
draining	0.0005425750
drama	0.0024367750
dramas	0.0003408250
dramatic	0.0015373250
dramatization	0.0006347250
drawn	0.0003306750
draws	0.0008627750
dreadful	0.0009771000
dream	0.0000000000
dreams	0.0007564250
drenched	0.0002754500
drenching	0.0000000000
dress	0.0007218500
dressing	0.0000000000
drifts	0.0000000000
drink	0.0000000000
drinking	0.0009931250
drinks	0.0000000000
drive	0.0016483750
driven	0.0000000000
driver	0.0000000000
drives	0.0000000000
drone	0.0000000000
drones	0.0008242250
drown	0.0001419250
drug	0.0000000000
drugs	0.0000000000
drunk	0.0001419250
dubbed	0.0000000000
duck	0.0016483750
due	0.0008174000
dull	0.0005080750
dulled	0.0000000000
dumb	0.0003408250
during	0.0006853750
dvd	0.0003408250
dwarfs	0.0003377250
dying	0.0002516000
dysfunctional	0.0003377250
e	0.0000000000
each	0.0010750750
earlier	0.0003377250
early	0.0002678250
earrings	0.0000000000
earth	0.0006347250
ease	0.0010935000
easily	0.0008907250
east	0.0003219500
easy	0.0008799000
eat	0.0000000000
ecstasy	0.0000000000
edge	0.0007314750
edges	0.0000000000
editing	0.0008535750
editor	0.0002516000
eerie	0.0006817750
effect	0.0000000000
effective	0.0000000000
effects	0.0001289000
effort	0.0034620250
either	0.0022495250
elections	0.0002516000
elevated	0.0002754500
eleventh	0.0000000000
elite	0.0003219500
else	0.0023299000
elusive	0.0003903000
embarrassing	0.0006754750
emergence	0.0000000000
emery	0.0002516000
emotion	0.0008002750
emotional	0.0002516000
emotionally	0.0000000000
emotions	0.0000000000
empathizes	0.0000000000
emphatic	0.0000000000
en	0.0003903000
enablers	0.0000000000
enamored	0.0012234250
encountering	0.0008367250
encourages	0.0000000000
end	0.0023550000
ending	0.0007001250
endless	0.0003219500
endlessly	0.0000000000
ends	0.0003357500
endures	0.0000000000
energy	0.0003219500
engaging	0.0015531500
england	0.0000000000
english	0.0000000000
enjoy	0.0013584500
enjoyed	0.0018224500
enough	0.0026611000
ensuing	0.0000000000
entendres	0.0006102000
entertain	0.0000000000
entertained	0.0007053500
entertaining	0.0014337500
entertainment	0.0009884250
enthralled	0.0007314750
enthralling	0.0003544750
entire	0.0004538750
entitled	0.0003903000
episode	0.0007889000
equal	0.0000000000
equally	0.0008242250
er	0.0000000000
era	0.0014341000
erotic	0.0000000000
escape	0.0000000000
escaped	0.0002516000
escort	0.0008002750
especially	0.0020743750
essence	0.0003972750
established	0.0003357500
establishing	0.0003306750
establishment	0.0000000000
establishments	0.0000000000
estate	0.0001419250
estranged	0.0002516000
estrangement	0.0002754500
etc	0.0005353750
even	0.0055031750
evening	0.0007314750
evenings	0.0003903000
event	0.0007216000
events	0.0022541750
eventually	0.0017922500
ever	0.0022237000
every	0.0018174250
everybody	0.0000000000
everyone	0.0015445750
everything	0.0022644750
everywhere	0.0003003250
evicted	0.0007599250
evident	0.0000000000
evil	0.0013148250
evokes	0.0003306750
ex	0.0007455750
exact	0.0000000000
exactly	0.0009404500
example	0.0007678750
exceedingly	0.0000000000
excellent	0.0029192750
except	0.0002830750
exception	0.0003408250
exceptionally	0.0003003250
exchange	0.0000000000
exchanges	0.0006102000
excitement	0.0001419250
excoriated	0.0010619000
excruciatingly	0.0008002750
excuse	0.0000000000
exemplary	0.0003003250
exercises	0.0000000000
exist	0.0003408250
existence	0.0005829750
existential	0.0003377250
exiting	0.0000000000
expect	0.0022174250
expected	0.0010806250
expecting	0.0004997500
expensive	0.0000000000
experience	0.0000000000
explain	0.0000000000
exploitationer	0.0000000000
exploits	0.0007777500
explores	0.0000000000
exposes	0.0000000000
exposing	0.0000000000
expressing	0.0000000000
expressionist	0.0002754500
expressions	0.0000000000
exteriors	0.0003357500
extra	0.0002579000
extreme	0.0002754500
extremes	0.0000000000
eye	0.0010935000
eyes	0.0000000000
f	0.0007218500
fabulous	0.0000000000
face	0.0006687500
faces	0.0001419250
facial	0.0000000000
facing	0.0001419250
fact	0.0015729750
faded	0.0006817750
fail	0.0000000000
failed	0.0016241750
fails	0.0006347250
fairways	0.0000000000
fake	0.0000000000
fall	0.0008907250
falling	0.0000000000
falls	0.0000000000
false	0.0006192000
fame	0.0008767750
familiar	0.0004027250
familiarity	0.0000000000
family	0.0009232000
fan	0.0015865500
fanatic	0.0006102000
fans	0.0004570000
fantastic	0.0016776500
far	0.0015595500
fare	0.0006347250
fares	0.0008627750
farley	0.0000000000
fart	0.0002754500
fashion	0.0004538750
fashionable	0.0000000000
fashioned	0.0002285000
fashions	0.0001419250
fast	0.0001419250
faster	0.0003357500
father	0.0000000000
fault	0.0000000000
favorite	0.0020646250
favourite	0.0001289000
faye	0.0000000000
fear	0.0000000000
feature	0.0000000000
feel	0.0012521250
feeling	0.0012557750
feelings	0.0011894500
feels	0.0008627750
fegsen	0.0000000000
fell	0.0000000000
felt	0.0019996250
female	0.0006102000
fence	0.0000000000
festival	0.0000000000
fetched	0.0007889000
fetish	0.0000000000
few	0.0012677750
fiction	0.0012694250
fiend	0.0006347250
fight	0.0012216250
fighting	0.0006687500
figure	0.0003482750
files	0.0006817750
fill	0.0006870000
filled	0.0000000000
filler	0.0000000000
film	0.0091435000
filmed	0.0011941500
films	0.0015926750
final	0.0000000000
finale	0.0000000000
finally	0.0004614750
financially	0.0007889000
find	0.0027064250
finds	0.0006548000
fine	0.0008784500
finely	0.0002516000
finger	0.0007777500
finish	0.0003834500
finished	0.0003834500
firemen	0.0000000000
first	0.0019751500
fischer	0.0000000000
fisher	0.0008907250
fitting	0.0000000000
five	0.0006308250
fix	0.0006817750
flabby	0.0000000000
flames	0.0000000000
flashbacks	0.0001419250
flat	0.0008089750
flawed	0.0008089750
flawlessly	0.0003834500
flaws	0.0003219500
flesh	0.0001419250
fleshed	0.0009127000
flick	0.0007538500
flicks	0.0000000000
flight	0.0005288250
flitter	0.0000000000
float	0.0000000000
floods	0.0001419250
floor	0.0000000000
flourishes	0.0000000000
flown	0.0001419250
flying	0.0002579000
folks	0.0006102000
follow	0.0000000000
followable	0.0009127000
followed	0.0001419250
follows	0.0005170750
fond	0.0006102000
foot	0.0003408250
footage	0.0002839500
for	0.0099053250
forcedly	0.0000000000
forehead	0.0002516000
foreheads	0.0000000000
foreshadowing	0.0000000000
forever	0.0000000000
forget	0.0010671500
forgotten	0.0001289000
form	0.0011929500
formal	0.0009688000
former	0.0002516000
formulaic	0.0000000000
forrest	0.0009688000
forward	0.0003972750
fought	0.0000000000
foul	0.0008367250
found	0.0017698250
foundations	0.0006817750
fourteen	0.0003357500
fox	0.0000000000
foxworth	0.0001419250
fragile	0.0003972750
frail	0.0001419250
frailty	0.0000000000
framing	0.0003357500
francis	0.0000000000
franco	0.0000000000
frankenstein	0.0002516000
fraud	0.0003408250
frederic	0.0009688000
freedom	0.0000000000
freeways	0.0000000000
frenetic	0.0000000000
frequents	0.0003357500
fresh	0.0006102000
friday	0.0005764500
friend	0.0008715500
friendly	0.0000000000
friends	0.0002661000
friendship	0.0005693250
friendships	0.0000000000
from	0.0061865000
front	0.0002924000
fruity	0.0006102000
full	0.0004427750
fume	0.0009127000
fumes	0.0002516000
fun	0.0006102000
funeral	0.0000000000
funnier	0.0003377250
funny	0.0030151000
further	0.0003049250
future	0.0019882750
fyi	0.0000000000
gabriel	0.0029974500
gained	0.0000000000
galiena	0.0000000000
game	0.0000000000
games	0.0000000000
gangsters	0.0000000000
garb	0.0000000000
gas	0.0003574000
gave	0.0016178500
gay	0.0013027750
gender	0.0000000000
genera	0.0016483750
general	0.0013337750
generally	0.0010619000
generated	0.0001419250
generation	0.0003408250
generic	0.0000000000
genre	0.0003049250
gentlemen	0.0000000000
genuinely	0.0002516000
george	0.0004864000
german	0.0002714250
get	0.0041404250
gets	0.0010839250
getting	0.0026564250
ghetto	0.0007363250
ghost	0.0038749500
ghosts	0.0000000000
giant	0.0003219500
girl	0.0000000000
girls	0.0000000000
give	0.0023968250
given	0.0010764000
gives	0.0014055750
giving	0.0009709000
glass	0.0000000000
gloss	0.0003972750
glossy	0.0000000000
go	0.0021225000
goal	0.0006347250
god	0.0003408250
godby	0.0003408250
goddard	0.0002516000
goes	0.0007623250
going	0.0013217000
gold	0.0000000000
goldberg	0.0006945750
golf	0.0000000000
golfer	0.0000000000
golfers	0.0000000000
gone	0.0012185250
good	0.0072534250
got	0.0007977250
gothic	0.0000000000
grable	0.0000000000
grace	0.0012694250
graceful	0.0000000000
grader	0.0009688000
gradual	0.0000000000
graduates	0.0000000000
grand	0.0000000000
granger	0.0000000000
grant	0.0001419250
grass	0.0000000000
grassy	0.0000000000
grate	0.0000000000
gratifying	0.0000000000
gratitude	0.0003306750
gratuitous	0.0000000000
graveyard	0.0000000000
great	0.0031737000
greatest	0.0000000000
green	0.0000000000
greens	0.0000000000
greenwood	0.0000000000
grim	0.0000000000
gripping	0.0007314750
grips	0.0009463000
gritty	0.0007564250
grounding	0.0000000000
group	0.0012694250
grown	0.0002285000
guarantee	0.0007462750
guardian	0.0003357500
guess	0.0003834500
guessed	0.0008367250
guide	0.0005764500
gun	0.0000000000
guns	0.0007218500
gut	0.0000000000
guy	0.0015038750
gymnastic	0.0000000000
habit	0.0000000000
habits	0.0003377250
hackneyed	0.0008242250
hacks	0.0003972750
had	0.0041325000
hair	0.0000000000
haircut	0.0000000000
half	0.0003961000
halitosis	0.0002754500
hall	0.0004292250
hallucinatory	0.0000000000
hammers	0.0016241750
hand	0.0007382500
handed	0.0007218500
handicaps	0.0000000000
hands	0.0003290750
hang	0.0000000000
hangout	0.0008367250
happen	0.0000000000
happened	0.0015726750
happening	0.0017062250
happens	0.0010128500
happiness	0.0000000000
happy	0.0002754500
hard	0.0012377750
harmless	0.0008367250
harmon	0.0021059250
harrelson	0.0009889250
harrison	0.0012694250
harrowing	0.0006548000
harry	0.0000000000
harsh	0.0001419250
has	0.0052779000
hate	0.0000000000
hatred	0.0000000000
hats	0.0000000000
haunted	0.0017756750
haunting	0.0000000000
have	0.0091408000
haven	0.0008367250
having	0.0014105500
hazy	0.0007564250
hbo	0.0000000000
he	0.0078930250
head	0.0000000000
heads	0.0000000000
hear	0.0010419250
heard	0.0003357500
heart	0.0003067250
hearted	0.0002516000
heartland	0.0000000000
heat	0.0003219500
heavy	0.0000000000
heck	0.0000000000
held	0.0005693250
helicopters	0.0001419250
hell	0.0007462750
help	0.0012425000
helped	0.0003306750
helps	0.0005893000
her	0.0048616500
here	0.0023477250
hero	0.0000000000
heroic	0.0000000000
heroism	0.0000000000
herself	0.0000000000
hi	0.0002839500
hid	0.0006347250
hides	0.0003306750
high	0.0030700250
higher	0.0007268250
highly	0.0009915250
highway	0.0003306750
hilarious	0.0003067250
hill	0.0000000000
hills	0.0000000000
him	0.0013726500
himself	0.0026859500
hints	0.0017767250
his	0.0090918000
historic	0.0000000000
historical	0.0000000000
history	0.0000000000
hit	0.0001419250
hitchcock	0.0015954250
hitchcockian	0.0009108750
hits	0.0001419250
hiv	0.0003357500
hoax	0.0002516000
hobo	0.0007363250
hokey	0.0006817750
hokum	0.0008367250
holes	0.0010104750
hollow	0.0022901250
hollywood	0.0011094000
home	0.0005438750
homeless	0.0012571500
homelessness	0.0010374750
homes	0.0000000000
homosexual	0.0003219500
homosexuality	0.0008242250
honesty	0.0000000000
hongshen	0.0000000000
hongsheng	0.0000000000
hood	0.0000000000
hoodwink	0.0002516000
hope	0.0002285000
hopefully	0.0016241750
horrible	0.0019028500
horribly	0.0000000000
horrific	0.0003408250
horror	0.0029900250
horse	0.0000000000
horserace	0.0000000000
hospital	0.0012879500
host	0.0010878500
hot	0.0031874250
hour	0.0014761000
hours	0.0011716500
house	0.0017756750
houselessness	0.0002516000
how	0.0041167750
howard	0.0017255750
however	0.0025325250
howlers	0.0003377250
huge	0.0001289000
huh	0.0000000000
human	0.0004875000
humble	0.0000000000
humidity	0.0003219500
humility	0.0000000000
humor	0.0006167000
humorous	0.0000000000
hung	0.0006945750
hungry	0.0000000000
hunted	0.0000000000
hurt	0.0003377250
hushed	0.0003357500
hybrid	0.0006347250
hypnotic	0.0003357500
i	0.0192136500
ice	0.0000000000
iconic	0.0000000000
idea	0.0010933500
idealistic	0.0000000000
idealized	0.0000000000
ideas	0.0001419250
identity	0.0002501750
idiots	0.0008907250
idol	0.0000000000
idolized	0.0000000000
if	0.0057418500
ill	0.0004800000
illicit	0.0002754500
illnesses	0.0003903000
images	0.0004213500
imaginary	0.0000000000
imagination	0.0004997500
imagine	0.0000000000
imagines	0.0000000000
imitating	0.0010619000
imitations	0.0010619000
immediacy	0.0000000000
immediately	0.0007889000
immersed	0.0002754500
impact	0.0005693250
impersonation	0.0003306750
implications	0.0000000000
impress	0.0004997500
impressionable	0.0000000000
impressive	0.0008907250
improvisational	0.0002754500
in	0.0180586250
inability	0.0000000000
inadequacy	0.0010935000
incapable	0.0003219500
incessant	0.0000000000
include	0.0003408250
included	0.0008242250
including	0.0004864000
incredible	0.0003408250
incredibly	0.0003067250
incurred	0.0000000000
indebtedness	0.0000000000
independence	0.0000000000
indianapolis	0.0000000000
indicates	0.0000000000
indifferently	0.0007363250
indulgent	0.0002754500
inevitably	0.0007777500
inexplicable	0.0008242250
inferior	0.0000000000
inflation	0.0002516000
influence	0.0000000000
information	0.0003903000
ing	0.0000000000
ingmar	0.0005509000
initially	0.0003306750
inkling	0.0000000000
inmates	0.0000000000
inn	0.0008907250
inner	0.0002516000
input	0.0000000000
insane	0.0014563500
inside	0.0008775000
insight	0.0002754500
insightful	0.0007889000
insistence	0.0002754500
insomnia	0.0003408250
inspect	0.0006347250
inspector	0.0007889000
inspirational	0.0000000000
inspire	0.0002516000
inspired	0.0013006750
inst	0.0000000000
instead	0.0016967250
institute	0.0000000000
integrity	0.0000000000
intellectual	0.0003377250
intelligentsia	0.0002754500
intense	0.0007314750
intensity	0.0008242250
intentionally	0.0002754500
intentions	0.0008627750
intercessor	0.0000000000
interest	0.0012694250
interesting	0.0056495000
interior	0.0001419250
interiors	0.0013638750
interminable	0.0002754500
intermittent	0.0000000000
international	0.0006102000
intimidated	0.0000000000
into	0.0027763250
intonations	0.0003377250
intoned	0.0003377250
intrigued	0.0002516000
intriguing	0.0014613750
introduced	0.0003972750
introspective	0.0002754500
invade	0.0007363250
inventory	0.0000000000
investigating	0.0002516000
investigation	0.0008002750
involved	0.0010144250
involves	0.0000000000
iraq	0.0005767750
irish	0.0000000000
irrational	0.0000000000
irrevocably	0.0003972750
irritating	0.0000000000
is	0.0218377750
island	0.0001419250
isn	0.0019433000
isolated	0.0001419250
isolation	0.0003903000
issue	0.0002516000
issues	0.0003608000
it	0.0190238250
italian	0.0002924000
italians	0.0008907250
its	0.0032505500
itself	0.0006643250
jack	0.0001289000
jacked	0.0001419250
jacking	0.0001419250
jake	0.0000000000
james	0.0002839500
jameson	0.0001419250
japanese	0.0000000000
jeans	0.0000000000
jeffery	0.0002516000
jeffrey	0.0007363250
jerry	0.0001419250
jess	0.0015799000
jesus	0.0000000000
jetliner	0.0001419250
jettisons	0.0002754500
jia	0.0000000000
jinxed	0.0001419250
job	0.0021683750
joe	0.0008833000
john	0.0005412000
johnson	0.0006817750
jokes	0.0008907250
jon	0.0006945750
josh	0.0000000000
journey	0.0000000000
judge	0.0007063500
judgement	0.0000000000
judges	0.0000000000
judy	0.0006945750
julie	0.0001419250
jump	0.0012835250
jumped	0.0003834500
junkie	0.0000000000
just	0.0057294000
kane	0.0008907250
kathleen	0.0001419250
keep	0.0010935000
keeper	0.0006347250
keeps	0.0004338250
kennedy	0.0002839500
kenneth	0.0003377250
kept	0.0009736750
kevin	0.0000000000
key	0.0005031750
kicked	0.0025389750
kid	0.0017147250
kids	0.0002516000
kill	0.0002516000
killed	0.0002516000
killer	0.0003408250
killing	0.0000000000
kind	0.0016422500
king	0.0008907250
kirkland	0.0009688000
kites	0.0000000000
knack	0.0000000000
knew	0.0007165000
knock	0.0001419250
know	0.0025927250
knowledge	0.0003544750
known	0.0001419250
knows	0.0000000000
kristin	0.0017154500
kutcher	0.0000000000
labeouf	0.0000000000
laboeuf	0.0000000000
lack	0.0008352500
lacked	0.0007777500
lacking	0.0001289000
lacks	0.0008002750
lady	0.0007363250
lame	0.0000000000
land	0.0004292250
landscapes	0.0000000000
language	0.0002501750
languages	0.0003219500
lanky	0.0000000000
lapse	0.0013148250
lard	0.0000000000
larry	0.0007363250
last	0.0009457750
late	0.0008545250
lately	0.0012835250
later	0.0008512750
latest	0.0002516000
latin	0.0000000000
latter	0.0000000000
laugh	0.0003377250
laughs	0.0006945750
laughter	0.0000000000
lauren	0.0012896500
law	0.0020293000
lawyer	0.0014725500
lawyers	0.0007363250
lay	0.0010419250
layout	0.0000000000
lead	0.0020371500
leaden	0.0000000000
leading	0.0017736250
leads	0.0003219500
leaking	0.0001419250
lean	0.0003357500
learn	0.0007486000
learning	0.0000000000
least	0.0009539500
leave	0.0006921250
leaves	0.0006144750
lebouf	0.0000000000
led	0.0000000000
lee	0.0002839500
left	0.0012391750
leg	0.0005288250
legs	0.0006687500
lemmon	0.0001419250
lennon	0.0000000000
lesbian	0.0000000000
lesley	0.0008972500
leslie	0.0009127000
less	0.0021435750
lesson	0.0002516000
lest	0.0000000000
let	0.0016334250
lethargic	0.0002839500
lets	0.0003972750
level	0.0009688000
liar	0.0000000000
liberties	0.0000000000
lies	0.0000000000
life	0.0024841250
lifestyles	0.0003903000
lifted	0.0003377250
light	0.0003377250
lights	0.0010419250
like	0.0064606750
liked	0.0049565500
likely	0.0003834500
likewise	0.0000000000
lily	0.0006406750
limousine	0.0000000000
line	0.0013114500
lines	0.0005991250
lip	0.0008002750
lipstick	0.0000000000
lisa	0.0002516000
listen	0.0002516000
listener	0.0029646500
listing	0.0000000000
listner	0.0003903000
literally	0.0013513250
little	0.0029713750
live	0.0005031750
lived	0.0002754500
lives	0.0005671500
living	0.0000000000
ll	0.0010111000
load	0.0003219500
loaded	0.0001419250
loathing	0.0000000000
locate	0.0006347250
location	0.0000000000
locations	0.0000000000
locked	0.0000000000
logand	0.0010369250
logic	0.0005693250
london	0.0000000000
lonely	0.0003049250
long	0.0015431250
longer	0.0006879250
look	0.0009266500
looked	0.0003408250
looking	0.0021843750
looks	0.0006187000
looms	0.0002754500
loooonnnnng	0.0007218500
loop	0.0003357500
lose	0.0003306750
loses	0.0001419250
losing	0.0008114750
loss	0.0000000000
lost	0.0007157750
lot	0.0005337750
lots	0.0001419250
loud	0.0003377250
lounge	0.0008907250
lovable	0.0008907250
love	0.0032128750
loved	0.0008018000
lover	0.0008114750
loves	0.0003972750
low	0.0007475250
lowest	0.0000000000
luchino	0.0000000000
lumbers	0.0000000000
lurid	0.0000000000
lurking	0.0008627750
lust	0.0000000000
luxuries	0.0005031750
luxury	0.0002839500
lying	0.0007218500
m	0.0019275250
machine	0.0003306750
mad	0.0007363250
made	0.0025601750
magazine	0.0003219500
magic	0.0000000000
main	0.0000000000
mainly	0.0000000000
maintaining	0.0000000000
majority	0.0000000000
make	0.0034898250
makers	0.0001419250
makes	0.0024619750
making	0.0012791750
male	0.0010751000
malevolent	0.0007363250
man	0.0028465000
managed	0.0003219500
manhattan	0.0000000000
manifested	0.0000000000
mannequins	0.0000000000
manner	0.0000000000
mannered	0.0008627750
manual	0.0000000000
manuscript	0.0005829750
many	0.0040967750
map	0.0000000000
markham	0.0001419250
marriage	0.0016241750
martyr	0.0000000000
martyrs	0.0002754500
marvelous	0.0000000000
mary	0.0003067250
material	0.0000000000
matter	0.0007665500
maturity	0.0000000000
maupin	0.0013084750
maupins	0.0003972750
maureen	0.0007218500
may	0.0019282250
maybe	0.0032529500
me	0.0036022250
meager	0.0000000000
mean	0.0006870000
meaning	0.0007673500
means	0.0001289000
medical	0.0003903000
medicine	0.0000000000
mediocre	0.0022734000
meditative	0.0000000000
meet	0.0015654500
meeting	0.0005693250
meets	0.0002516000
meh	0.0000000000
mel	0.0019447000
melodrama	0.0003377250
members	0.0008907250
memorable	0.0005693250
men	0.0006747000
mental	0.0006078500
mention	0.0000000000
mere	0.0000000000
merely	0.0007063500
mess	0.0020440500
message	0.0002754500
messed	0.0000000000
met	0.0005693250
metal	0.0000000000
metaphorically	0.0000000000
method	0.0002754500
michael	0.0001419250
mid	0.0005108250
middle	0.0004044000
might	0.0015540000
mild	0.0007836000
miles	0.0001419250
millionaire	0.0007363250
min	0.0003357500
mind	0.0010631000
mindless	0.0006102000
mine	0.0000000000
minor	0.0004997500
minutes	0.0031943000
miracle	0.0000000000
miranda	0.0000000000
miscalculated	0.0007777500
miserably	0.0000000000
miss	0.0009822750
missed	0.0001419250
mistake	0.0001419250
mixed	0.0006347250
mob	0.0009688000
model	0.0001419250
modern	0.0003903000
molly	0.0005031750
mom	0.0004997500
moment	0.0006192000
moments	0.0013056500
money	0.0004570000
monitor	0.0002516000
monopoly	0.0002516000
monotonous	0.0003219500
monster	0.0012694250
montage	0.0000000000
monte	0.0001419250
month	0.0002516000
mood	0.0003357500
mop	0.0000000000
more	0.0044628250
moritz	0.0003219500
moronic	0.0000000000
morris	0.0002516000
morton	0.0010320750
mortuary	0.0000000000
mosquito	0.0000000000
most	0.0036389750
mostly	0.0014097500
mother	0.0020676500
motivational	0.0000000000
motives	0.0002516000
mount	0.0001419250
mouthed	0.0008367250
mouths	0.0000000000
move	0.0005470500
moved	0.0002873500
moves	0.0002830750
movie	0.0160660750
movies	0.0037241500
moving	0.0000000000
mr	0.0005618500
ms	0.0006613250
much	0.0063766250
multiple	0.0000000000
murals	0.0000000000
murder	0.0026573250
museum	0.0001419250
music	0.0002069500
musical	0.0000000000
musician	0.0000000000
musing	0.0000000000
mussolini	0.0000000000
must	0.0033023750
mustachioed	0.0000000000
mute	0.0000000000
muted	0.0002754500
mutilating	0.0000000000
mutual	0.0002516000
my	0.0052642500
myself	0.0000000000
mysterious	0.0003903000
mystery	0.0016483750
n	0.0005542000
naked	0.0007564250
name	0.0002516000
named	0.0014897500
namely	0.0003357500
names	0.0006347250
nap	0.0007564250
narration	0.0003357500
narrative	0.0009688000
naturally	0.0007619250
nature	0.0011036000
navigator	0.0001419250
navy	0.0001419250
nc	0.0007564250
near	0.0009695250
neatly	0.0000000000
necessarily	0.0001419250
necessary	0.0002285000
necking	0.0006102000
need	0.0002322250
needed	0.0019447250
needle	0.0000000000
needs	0.0009038750
negligible	0.0000000000
neither	0.0007462750
nell	0.0003377250
netherworld	0.0006102000
neurotic	0.0003377250
never	0.0032860750
nevertheless	0.0010935000
new	0.0020954000
news	0.0006347250
next	0.0008052750
nice	0.0027286500
nickname	0.0002516000
nicotine	0.0002754500
night	0.0032003750
nightmare	0.0003903000
nightmarish	0.0002516000
nine	0.0004997500
nineties	0.0000000000
ninety	0.0000000000
no	0.0055934500
nod	0.0000000000
nominated	0.0010159000
non	0.0002501750
none	0.0006687500
nonetheless	0.0008367250
noon	0.0019513000
nor	0.0006347250
norm	0.0002516000
nostalgia	0.0006102000
not	0.0090569750
notch	0.0003357500
note	0.0000000000
notes	0.0004997500
noteworthy	0.0007564250
nothing	0.0036876000
notice	0.0010419250
noticed	0.0007001250
notwithstanding	0.0010619000
nourishment	0.0000000000
novice	0.0002516000
now	0.0011786250
nowhere	0.0007599250
nt	0.0000000000
nudity	0.0000000000
number	0.0008928250
numbers	0.0000000000
nurse	0.0002516000
o	0.0000000000
observant	0.0002516000
obsession	0.0008627750
obstacle	0.0000000000
obvious	0.0003306750
obviously	0.0005542000
occasionally	0.0003903000
occurs	0.0000000000
ocean	0.0001419250
odd	0.0008066750
odds	0.0000000000
of	0.0258082000
off	0.0039195500
offer	0.0000000000
offers	0.0003306750
official	0.0003306750
officially	0.0003408250
often	0.0007363250
oh	0.0025889500
oil	0.0002839500
old	0.0028948000
on	0.0067403750
once	0.0022331500
one	0.0094157500
online	0.0003408250
only	0.0049071750
ono	0.0000000000
onto	0.0010419250
onward	0.0000000000
open	0.0000000000
opened	0.0002839500
opening	0.0019224750
openings	0.0003357500
opens	0.0005542000
opinion	0.0003608000
opportunity	0.0001419250
or	0.0065927250
orchestra	0.0009688000
ordained	0.0000000000
ordeals	0.0000000000
order	0.0014751000
ordinarily	0.0003219500
ordinary	0.0000000000
organizations	0.0003306750
oriental	0.0000000000
orientated	0.0001419250
original	0.0007039500
originality	0.0010619000
origins	0.0008242250
oscar	0.0012216500
other	0.0030264250
others	0.0002285000
otherwise	0.0010525250
ouimet	0.0000000000
ounce	0.0003219500
our	0.0003148750
ourselves	0.0013252500
out	0.0095465250
outclass	0.0000000000
outcome	0.0007462750
outdated	0.0003834500
outdoors	0.0000000000
outsider	0.0008242250
outstanding	0.0008242250
outstretching	0.0000000000
over	0.0024927750
overall	0.0007695000
overcome	0.0000000000
overconfident	0.0000000000
overexciting	0.0010935000
overkill	0.0003306750
overpowering	0.0000000000
own	0.0009184000
pace	0.0001419250
paced	0.0010419250
pacing	0.0019786750
paid	0.0006945750
pain	0.0000000000
painful	0.0010038750
painfully	0.0013713000
paintings	0.0001419250
paired	0.0000000000
pals	0.0002516000
pant	0.0003219500
paper	0.0003377250
parade	0.0002754500
paranoia	0.0002516000
parent	0.0000000000
parents	0.0009594000
park	0.0000000000
parody	0.0003377250
parrot	0.0008367250
part	0.0012861500
participate	0.0000000000
particularity	0.0000000000
particularly	0.0003357500
partisans	0.0000000000
partner	0.0003357500
parts	0.0017655250
party	0.0006102000
passengers	0.0001419250
passivity	0.0000000000
past	0.0005054250
pataki	0.0001419250
patches	0.0000000000
pathetic	0.0007889000
pathos	0.0002754500
patrick	0.0013045500
patroni	0.0002839500
patterns	0.0000000000
paul	0.0014453250
paxton	0.0000000000
pay	0.0008367250
pays	0.0002516000
peasant	0.0000000000
peasants	0.0000000000
pencil	0.0003377250
penned	0.0002516000
people	0.0040150000
pepto	0.0008972500
per	0.0006347250
perennial	0.0000000000
perfect	0.0008954750
performance	0.0031970250
performances	0.0014968750
performing	0.0006347250
perhaps	0.0005794750
period	0.0003826000
perky	0.0000000000
permanent	0.0005693250
perpetual	0.0002754500
person	0.0017781250
personal	0.0003049250
personality	0.0005031750
personally	0.0003357500
personnel	0.0003972750
perspective	0.0006347250
perspectives	0.0000000000
pete	0.0019763250
peter	0.0003903000
pettiness	0.0007889000
phenomenon	0.0003903000
philip	0.0001419250
phone	0.0007314750
phones	0.0000000000
phony	0.0000000000
photo	0.0006703500
photographed	0.0000000000
photographic	0.0007218500
photography	0.0013148250
physical	0.0005288250
physicality	0.0000000000
physically	0.0003408250
pick	0.0008145750
picking	0.0000000000
picnics	0.0000000000
picture	0.0006949250
pictures	0.0005033250
piece	0.0009509000
pieces	0.0001419250
pig	0.0009688000
pilot	0.0001419250
pipes	0.0000000000
pistol	0.0000000000
pithy	0.0000000000
pity	0.0007165000
pizza	0.0000000000
place	0.0012372750
plain	0.0013032750
plan	0.0003574000
plane	0.0009936500
planned	0.0001419250
planning	0.0003306750
planted	0.0002516000
platforms	0.0000000000
platitudes	0.0002754500
play	0.0009605000
played	0.0021532500
players	0.0003608000
playing	0.0000000000
plays	0.0013759750
please	0.0003972750
pleased	0.0000000000
pleasures	0.0000000000
plenty	0.0001419250
plot	0.0059380000
plots	0.0000000000
plus	0.0007462750
pochath	0.0000000000
poem	0.0006754750
poignant	0.0000000000
point	0.0010913500
pointless	0.0000000000
points	0.0006643250
policy	0.0000000000
polite	0.0003377250
pomp	0.0007889000
ponderous	0.0002754500
pool	0.0000000000
poor	0.0012058750
pop	0.0003903000
popsicle	0.0003219500
popular	0.0007318000
portray	0.0000000000
portrayal	0.0013006750
portrayed	0.0015037000
pose	0.0000000000
poseidon	0.0001419250
positioning	0.0000000000
positive	0.0014751000
possibly	0.0005288250
poster	0.0000000000
pot	0.0002516000
potentially	0.0006945750
power	0.0010935000
powerful	0.0008002750
practically	0.0000000000
pre	0.0005542000
predecessors	0.0001419250
predictable	0.0025208750
preferring	0.0001419250
prejudices	0.0000000000
premise	0.0015916000
preparation	0.0001419250
prepared	0.0005704250
presence	0.0003608000
pressed	0.0000000000
pressure	0.0000000000
pressures	0.0006102000
pressuring	0.0002516000
presume	0.0000000000
pretend	0.0002754500
pretense	0.0000000000
pretensions	0.0010619000
pretentious	0.0012146250
pretty	0.0016588250
prevents	0.0000000000
preview	0.0007836000
previews	0.0004997500
previous	0.0006817750
price	0.0009127000
pride	0.0001289000
princess	0.0007777500
prior	0.0002285000
prisons	0.0003834500
private	0.0007669250
probably	0.0039795250
problem	0.0000000000
problems	0.0007481000
proceedings	0.0000000000
process	0.0003219500
producers	0.0006347250
produces	0.0016241750
production	0.0009668000
profession	0.0007165000
professionalism	0.0000000000
profound	0.0000000000
programs	0.0007889000
project	0.0002516000
projects	0.0000000000
promising	0.0000000000
promoting	0.0002754500
prompts	0.0005693250
pronounced	0.0002754500
propel	0.0000000000
properly	0.0004213000
prose	0.0002754500
prove	0.0003903000
proven	0.0000000000
provoking	0.0000000000
prozac	0.0002754500
psychiatrists	0.0003903000
psycho	0.0003306750
psychological	0.0006987000
psychologists	0.0003903000
public	0.0001419250
pull	0.0008907250
punched	0.0004997500
punctuate	0.0000000000
pure	0.0011144000
pursue	0.0000000000
put	0.0013706750
puts	0.0000000000
putting	0.0009688000
pyschosis	0.0003903000
q	0.0003834500
qualities	0.0000000000
quality	0.0003972750
quentin	0.0008367250
quest	0.0002754500
question	0.0003306750
questions	0.0003003250
quibble	0.0004997500
quick	0.0006578250
quickly	0.0000000000
quietly	0.0003377250
quinlan	0.0001419250
quirky	0.0005764500
quit	0.0000000000
quite	0.0008069750
quitting	0.0000000000
quotations	0.0003377250
r	0.0009232250
rabid	0.0000000000
race	0.0012204000
racing	0.0006102000
racism	0.0002516000
rack	0.0003219500
radio	0.0012261000
rage	0.0000000000
rain	0.0000000000
raises	0.0005693250
ran	0.0007889000
ranchers	0.0000000000
randall	0.0000000000
rang	0.0003834500
range	0.0000000000
rap	0.0008242250
rapper	0.0000000000
rappers	0.0000000000
rare	0.0000000000
rarely	0.0003377250
rate	0.0000000000
rated	0.0009127000
rates	0.0006347250
rather	0.0007746750
rating	0.0006945750
rattle	0.0002516000
razzie	0.0001419250
re	0.0005885500
reach	0.0003306750
reached	0.0013635250
reaches	0.0003903000
reaching	0.0002516000
read	0.0020374250
readily	0.0000000000
reading	0.0006078500
reads	0.0002516000
real	0.0010717000
realistic	0.0031747250
reality	0.0014520500
realize	0.0000000000
realized	0.0000000000
really	0.0022973500
realm	0.0003903000
reason	0.0013151500
reasons	0.0001419250
recalled	0.0007889000
recede	0.0000000000
recent	0.0006347250
recently	0.0002501750
recipe	0.0000000000
reckon	0.0002839500
recognizable	0.0000000000
recognized	0.0003834500
recognizes	0.0000000000
recommend	0.0011722750
recommended	0.0005170750
recounting	0.0000000000
recreational	0.0000000000
red	0.0006556000
redecorated	0.0000000000
redeem	0.0003219500
reek	0.0000000000
reference	0.0003377250
reflect	0.0000000000
reflection	0.0016483750
refreshing	0.0004538750
refusal	0.0000000000
refusing	0.0000000000
regarding	0.0000000000
regional	0.0000000000
regrettably	0.0008242250
rehab	0.0000000000
rejection	0.0000000000
relate	0.0014479250
related	0.0010935000
relationship	0.0003306750
relationships	0.0006308250
release	0.0007634250
released	0.0000000000
relevance	0.0002754500
relief	0.0002754500
reluctant	0.0000000000
remake	0.0000000000
remedy	0.0003903000
remember	0.0000000000
remind	0.0009666750
reminded	0.0003972750
reminding	0.0003377250
reminiscent	0.0000000000
rent	0.0033988750
repeated	0.0000000000
repeatedly	0.0007889000
repeats	0.0000000000
repetitive	0.0002516000
rephrase	0.0008367250
replace	0.0000000000
replacement	0.0000000000
replaces	0.0000000000
replies	0.0000000000
report	0.0006347250
reports	0.0003408250
request	0.0003972750
requisite	0.0000000000
rescue	0.0001289000
rescued	0.0002516000
resistance	0.0000000000
resolution	0.0002754500
respect	0.0000000000
rest	0.0026927750
restaurant	0.0010112750
restraint	0.0003972750
result	0.0003095500
results	0.0017818250
resurfaced	0.0003408250
retrospect	0.0000000000
returns	0.0003306750
reveals	0.0002516000
revelation	0.0003003250
review	0.0003972750
reviewed	0.0003408250
reviews	0.0008266250
reviled	0.0008907250
reworked	0.0003377250
rich	0.0007560000
ricochet	0.0000000000
rides	0.0000000000
ridiculously	0.0000000000
rig	0.0002839500
right	0.0021260250
rigid	0.0000000000
ring	0.0007314750
ripoff	0.0007218500
ripped	0.0006347250
ripping	0.0010619000
rise	0.0007486000
rises	0.0000000000
ritan	0.0000000000
rival	0.0007827000
road	0.0000000000
robert	0.0001419250
robin	0.0053377500
rock	0.0006102000
rod	0.0026500000
rodding	0.0008367250
role	0.0012895500
roles	0.0013048000
roll	0.0006102000
rolling	0.0003219500
romance	0.0000000000
romantic	0.0006164250
rome	0.0000000000
room	0.0009417250
root	0.0000000000
roots	0.0000000000
rory	0.0020368000
rosanna	0.0006945750
rosario	0.0007564250
run	0.0006148500
running	0.0001419250
runs	0.0003574000
rural	0.0000000000
rush	0.0010419250
rushed	0.0008627750
s	0.0147156750
sack	0.0007889000
sacrificed	0.0000000000
sad	0.0008002750
saddles	0.0008972500
sadler	0.0000000000
sadlers	0.0000000000
said	0.0017161000
sailor	0.0010574250
sally	0.0009688000
same	0.0007731000
sanders	0.0007363250
sandra	0.0021543000
sandwich	0.0003306750
sat	0.0006347250
satire	0.0007889000
saturday	0.0006347250
save	0.0006347250
saving	0.0011529250
saw	0.0022468500
say	0.0023708500
saying	0.0003306750
says	0.0012682000
scarf	0.0000000000
scary	0.0009738750
scenario	0.0002516000
scene	0.0062005500
scenes	0.0058149000
school	0.0018297000
schools	0.0007889000
schrader	0.0006406750
science	0.0012694250
scoff	0.0000000000
scooby	0.0006102000
scoreboard	0.0000000000
scott	0.0015014750
scraggy	0.0003357500
scramble	0.0007889000
scrappy	0.0000000000
scratching	0.0003377250
screen	0.0015050750
screening	0.0007218500
screenplay	0.0015923500
screens	0.0000000000
script	0.0011518250
se	0.0006347250
sea	0.0001289000
searching	0.0000000000
seasons	0.0006817750
seat	0.0006192000
second	0.0023715500
secret	0.0003306750
secrets	0.0009827000
secure	0.0000000000
see	0.0045980250
seed	0.0002516000
seeing	0.0005693250
seeks	0.0003903000
seem	0.0024805500
seemed	0.0030989000
seems	0.0005825500
seen	0.0034034000
sees	0.0000000000
self	0.0004860000
selling	0.0007363250
semi	0.0013148250
sending	0.0001419250
sense	0.0010914750
senseless	0.0000000000
sensitivity	0.0000000000
senso	0.0000000000
sensuousness	0.0000000000
sent	0.0003306750
separate	0.0000000000
september	0.0000000000
sequel	0.0001419250
sequels	0.0001419250
sequence	0.0001419250
sequences	0.0000000000
serial	0.0003408250
series	0.0003219500
serious	0.0009487500
seriously	0.0007268250
set	0.0005874000
sets	0.0002516000
setting	0.0000000000
several	0.0016587250
sew	0.0003357500
sex	0.0000000000
sexual	0.0006594000
sexuality	0.0010419250
sexually	0.0002516000
sexy	0.0006945750
shadowy	0.0002754500
shakespeare	0.0009688000
shaking	0.0000000000
shallow	0.0000000000
shame	0.0002839500
shared	0.0007777500
she	0.0034360750
sheen	0.0021059250
shelter	0.0003903000
shia	0.0000000000
shining	0.0005693250
ships	0.0001419250
shirts	0.0000000000
shocking	0.0017199500
shoot	0.0000000000
shooting	0.0003408250
shop	0.0003377250
shopworn	0.0003377250
short	0.0015530250
shorter	0.0004997500
shot	0.0006945750
shots	0.0007282500
should	0.0026163250
shouldn	0.0001419250
show	0.0012839250
showing	0.0000000000
shown	0.0000000000
shows	0.0010661000
shrugs	0.0007363250
shuffling	0.0002754500
shut	0.0007486000
sick	0.0006347250
side	0.0002285000
sidewalk	0.0002516000
sign	0.0000000000
signalling	0.0000000000
signs	0.0000000000
silence	0.0005693250
silly	0.0001419250
simply	0.0002754500
sin	0.0006102000
since	0.0011474250
singers	0.0016888750
single	0.0000000000
sinking	0.0007053500
sinks	0.0002839500
sir	0.0001419250
sired	0.0016483750
sissy	0.0002516000
sister	0.0000000000
sit	0.0008159000
sitcom	0.0010935000
site	0.0006208000
sitting	0.0007218500
situation	0.0007889000
skills	0.0007777500
skitzoid	0.0000000000
sky	0.0000000000
slap	0.0002501750
slapstick	0.0010574250
sleeping	0.0001419250
sleepwalk	0.0006945750
sleepwalking	0.0003219500
slick	0.0000000000
slighter	0.0003306750
slightly	0.0001419250
slips	0.0000000000
slow	0.0033621500
slowly	0.0000000000
sluggish	0.0001419250
small	0.0003049250
smallest	0.0003972750
smash	0.0001419250
smashes	0.0000000000
smoochy	0.0003408250
sneak	0.0000000000
snobbery	0.0010619000
so	0.0051404000
soaked	0.0000000000
soap	0.0000000000
social	0.0009461250
society	0.0008089750
sociopathic	0.0003408250
soft	0.0000000000
soften	0.0000000000
softly	0.0000000000
sold	0.0000000000
solemnly	0.0003377250
solitude	0.0000000000
somber	0.0005693250
sombre	0.0007218500
some	0.0062582000
somehow	0.0000000000
someone	0.0011013750
something	0.0034019250
sometimes	0.0009219250
somewhat	0.0006291750
somewhere	0.0000000000
son	0.0001124750
songs	0.0000000000
sontag	0.0003377250
soon	0.0003544750
sord	0.0000000000
sorry	0.0007218500
sort	0.0004384500
sound	0.0007218500
sounding	0.0000000000
soundly	0.0007314750
soundtrack	0.0000000000
south	0.0003219500
southern	0.0003219500
space	0.0000000000
spaceballs	0.0002516000
speaking	0.0011338500
speaks	0.0005036500
specialty	0.0000000000
specific	0.0000000000
spectacular	0.0001419250
speech	0.0000000000
spends	0.0003544750
spirit	0.0000000000
spiriting	0.0000000000
spiritually	0.0002754500
spite	0.0006440000
splits	0.0000000000
spontaneous	0.0000000000
sport	0.0000000000
sports	0.0000000000
spot	0.0007314750
spotless	0.0006102000
sprinkled	0.0007314750
square	0.0006102000
ss	0.0000000000
st	0.0000000000
stage	0.0002787750
stained	0.0002754500
stand	0.0004570000
standard	0.0000000000
standing	0.0000000000
stands	0.0000000000
stapleton	0.0007218500
star	0.0001289000
staring	0.0003408250
stark	0.0001419250
starred	0.0005693250
starring	0.0006347250
stars	0.0018044250
start	0.0007054250
started	0.0000000000
starts	0.0009364500
starved	0.0000000000
stated	0.0002516000
states	0.0000000000
stay	0.0003482750
stays	0.0010088000
steal	0.0001289000
steals	0.0003608000
steamy	0.0000000000
steer	0.0000000000
stellar	0.0000000000
step	0.0002516000
stephen	0.0000000000
stepped	0.0003972750
stereotypes	0.0000000000
stetner	0.0003357500
stettner	0.0018076250
stevens	0.0002579000
stewart	0.0002839500
stick	0.0005545000
stiff	0.0008002750
stigma	0.0000000000
still	0.0023760250
stinker	0.0000000000
stinks	0.0002516000
stock	0.0000000000
stone	0.0003377250
stop	0.0003306750
stories	0.0005829750
story	0.0056556000
storyline	0.0009919250
storyteller	0.0003357500
straight	0.0003377250
straightforward	0.0004997500
strain	0.0010935000
strange	0.0011826500
strangulation	0.0003377250
strap	0.0000000000
street	0.0004570000
streets	0.0010063500
strength	0.0003972750
strip	0.0001419250
strong	0.0010271500
struck	0.0000000000
struggle	0.0003972750
struggles	0.0000000000
struggling	0.0002501750
student	0.0015778000
students	0.0015778000
stuff	0.0008398000
stunning	0.0009931250
stupid	0.0002121250
style	0.0014934500
styled	0.0006102000
subculture	0.0003834500
subject	0.0003834500
submerged	0.0001419250
submitted	0.0002516000
subscribe	0.0006347250
subtitles	0.0000000000
succeed	0.0002516000
succeeded	0.0003972750
succeeds	0.0002516000
success	0.0000000000
successfully	0.0010419250
such	0.0041564000
sucker	0.0004997500
sudden	0.0002516000
suddenly	0.0002516000
suffer	0.0000000000
suffered	0.0003408250
sufficient	0.0000000000
suffocate	0.0001419250
suggest	0.0000000000
suit	0.0012694250
suits	0.0000000000
summer	0.0004997500
sun	0.0000000000
sundance	0.0004997500
sunken	0.0001419250
sunshine	0.0003408250
superb	0.0006687500
superiority	0.0000000000
supernatural	0.0008367250
supply	0.0001419250
support	0.0000000000
supporting	0.0005545000
supportive	0.0010619000
supposed	0.0011437250
sure	0.0009378750
surf	0.0003377250
surpass	0.0000000000
surprise	0.0000000000
surprised	0.0006945750
surrogate	0.0003377250
survive	0.0007889000
survivor	0.0004338250
survivors	0.0002516000
susan	0.0003377250
suspense	0.0030067750
suspenseful	0.0009195250
suspenser	0.0002516000
sweden	0.0003377250
swedish	0.0006754750
sweet	0.0000000000
swing	0.0000000000
swinging	0.0000000000
sympathetic	0.0000000000
sympathy	0.0002754500
synopsis	0.0003306750
t	0.0097784750
table	0.0000000000
tact	0.0003219500
tailspin	0.0002516000
take	0.0022657000
taken	0.0010176500
takes	0.0015471250
takeshi	0.0000000000
tale	0.0003903000
talent	0.0000000000
talented	0.0003067250
talents	0.0000000000
talk	0.0013183500
talking	0.0011726750
talks	0.0000000000
tambor	0.0008972500
tan	0.0000000000
tangible	0.0000000000
tape	0.0003306750
tapped	0.0000000000
tarantino	0.0008367250
tastes	0.0000000000
tattered	0.0000000000
tatty	0.0000000000
taupin	0.0008627750
tea	0.0010935000
teach	0.0006347250
teachers	0.0028658500
teaching	0.0007889000
teacup	0.0002516000
tears	0.0000000000
tease	0.0000000000
technical	0.0009688000
techniques	0.0002754500
technology	0.0002516000
ted	0.0000000000
teddy	0.0002516000
teenage	0.0016483750
teens	0.0040659250
teeth	0.0000000000
telephone	0.0005693250
television	0.0000000000
tell	0.0009995000
telling	0.0000000000
tells	0.0003093500
tempest	0.0002516000
template	0.0000000000
ten	0.0006747000
tenant	0.0000000000
tender	0.0002516000
tense	0.0026296500
tension	0.0010415000
tensions	0.0000000000
tenuta	0.0006945750
term	0.0003067250
terrible	0.0000000000
terribly	0.0000000000
terrific	0.0010998750
terry	0.0007739750
th	0.0000000000
than	0.0036941000
thanks	0.0005693250
that	0.0160107000
the	0.0549388750
theater	0.0002322250
theatrical	0.0001419250
their	0.0044825000
them	0.0014911250
theme	0.0007486000
themselves	0.0002322250
then	0.0007874250
therapy	0.0000000000
there	0.0058220750
these	0.0023666500
thespian	0.0003377250
they	0.0053052750
thin	0.0000000000
thing	0.0035623750
things	0.0016861500
think	0.0046386500
thinking	0.0008584250
thinks	0.0000000000
third	0.0014563500
thirty	0.0002516000
this	0.0161948750
thomas	0.0015014750
those	0.0019561250
though	0.0037300250
thought	0.0020300750
threatens	0.0000000000
three	0.0020544750
thrill	0.0007314750
thriller	0.0035906250
thrillers	0.0007314750
thrilling	0.0016731250
thrills	0.0008002750
throat	0.0006102000
through	0.0033685500
throughout	0.0012074000
throw	0.0007564250
thrown	0.0002516000
ticket	0.0006102000
tics	0.0003377250
tie	0.0003357500
tile	0.0001419250
till	0.0000000000
tilt	0.0002516000
time	0.0054382750
times	0.0010307250
timid	0.0006945750
timidity	0.0006945750
titanic	0.0008907250
titans	0.0000000000
titillate	0.0008242250
title	0.0000000000
to	0.0242915500
together	0.0009919250
tokyo	0.0000000000
told	0.0007922000
tolerable	0.0003219500
tomlin	0.0003219500
tones	0.0003357500
toni	0.0027167000
too	0.0046159750
took	0.0002501750
top	0.0011332000
topics	0.0010935000
torn	0.0003903000
torrential	0.0000000000
torture	0.0003834500
total	0.0007564250
totally	0.0000000000
touch	0.0004997500
touches	0.0003608000
tournament	0.0000000000
towering	0.0003377250
town	0.0000000000
toy	0.0001289000
track	0.0007218500
trading	0.0000000000
traditionally	0.0008907250
traffic	0.0006102000
trained	0.0000000000
trait	0.0002516000
transformation	0.0000000000
transitional	0.0013148250
translated	0.0007777500
transparent	0.0000000000
trapped	0.0004213000
trash	0.0000000000
trashy	0.0000000000
trauma	0.0000000000
travails	0.0002516000
treasure	0.0002516000
treat	0.0000000000
triangle	0.0001419250
tricked	0.0003377250
tricks	0.0003377250
tried	0.0022135750
tries	0.0006817750
tripe	0.0002754500
triumph	0.0000000000
trouble	0.0000000000
troubled	0.0009155000
troubles	0.0000000000
troubling	0.0003306750
truck	0.0013148250
true	0.0017762500
truly	0.0017046750
trust	0.0003608000
truth	0.0002754500
truths	0.0002516000
try	0.0015012000
trying	0.0004429500
turmoil	0.0012694250
turncoat	0.0007363250
turned	0.0016336000
turning	0.0002847500
turns	0.0015137250
tv	0.0009791750
twenties	0.0000000000
twentieth	0.0000000000
twenty	0.0003482750
twist	0.0008367250
twists	0.0000000000
two	0.0027220250
typical	0.0019818500
u	0.0000000000
ubiquitous	0.0006945750
ufortunately	0.0003219500
ugly	0.0000000000
ulterior	0.0002516000
ultimately	0.0011551750
unable	0.0000000000
unbearably	0.0010619000
undeniable	0.0000000000
under	0.0011678250
undercover	0.0000000000
underdog	0.0000000000
underlines	0.0002516000
underrated	0.0008907250
understand	0.0000000000
understanding	0.0002754500
understated	0.0003408250
underwrites	0.0000000000
unexpected	0.0000000000
unexpectedness	0.0010419250
unexplored	0.0008242250
unfolds	0.0009463000
unfortunately	0.0009364500
uniforms	0.0000000000
uninspired	0.0007218500
unique	0.0000000000
unless	0.0003482750
unlike	0.0008907250
unmasking	0.0006102000
unmentioned	0.0002516000
unmistakable	0.0002754500
unnatural	0.0009688000
unnecessary	0.0016949000
unpalatable	0.0010619000
unscathed	0.0016241750
unsettled	0.0003408250
unsettling	0.0002516000
unsympathetic	0.0001419250
until	0.0022531500
unusual	0.0013148250
unusually	0.0000000000
up	0.0013616500
upon	0.0000000000
upper	0.0006747000
urgency	0.0001419250
us	0.0016689000
use	0.0010365750
used	0.0004242250
useful	0.0003903000
users	0.0000000000
using	0.0004786750
usual	0.0006687500
usually	0.0000000000
utter	0.0006347250
utterly	0.0003219500
vagrant	0.0002516000
vain	0.0000000000
valli	0.0000000000
valuable	0.0004864000
value	0.0000000000
values	0.0001289000
vampirism	0.0000000000
vardon	0.0000000000
various	0.0003357500
ve	0.0008018000
vehicle	0.0006347250
veil	0.0006945750
vein	0.0000000000
vending	0.0003306750
veneer	0.0003544750
venice	0.0000000000
versatile	0.0000000000
version	0.0017260500
versions	0.0001419250
very	0.0068753500
via	0.0000000000
viable	0.0000000000
video	0.0003984250
videos	0.0000000000
view	0.0031481000
viewer	0.0000000000
viewers	0.0012038000
viewing	0.0016483750
vigilance	0.0003903000
villain	0.0000000000
vilmos	0.0009688000
violence	0.0000000000
violent	0.0008799000
vip	0.0001419250
visconti	0.0000000000
visions	0.0000000000
visual	0.0003067250
visually	0.0000000000
visuals	0.0010935000
vivid	0.0003903000
vividly	0.0000000000
voice	0.0009373750
volumes	0.0010419250
vote	0.0002516000
vulnerable	0.0000000000
waist	0.0000000000
waiting	0.0006192000
waitress	0.0003357500
walk	0.0000000000
walked	0.0002754500
walker	0.0022675000
walking	0.0003377250
walks	0.0000000000
wall	0.0002516000
walter	0.0000000000
wanna	0.0000000000
want	0.0012139500
wanted	0.0000000000
wanting	0.0000000000
wants	0.0016658000
war	0.0002516000
warehouse	0.0006687500
warren	0.0023720250
wars	0.0000000000
was	0.0129086000
washington	0.0003219500
wasn	0.0014902500
wasp	0.0000000000
waste	0.0010340750
wasted	0.0007564250
watch	0.0040221750
watchable	0.0010935000
watched	0.0005984500
watching	0.0007649750
water	0.0001419250
way	0.0016655250
ways	0.0013148250
we	0.0025774500
weak	0.0003834500
wealthy	0.0000000000
web	0.0000000000
weird	0.0008367250
weirdest	0.0000000000
welcome	0.0007889000
well	0.0043567250
went	0.0000000000
were	0.0063426250
weren	0.0000000000
werner	0.0000000000
what	0.0044025500
whatever	0.0005003250
when	0.0039239500
where	0.0031003000
which	0.0044323500
while	0.0015236500
whims	0.0000000000
whining	0.0012146250
who	0.0064762250
whole	0.0026917000
whom	0.0003219500
whoopi	0.0006945750
whose	0.0012406000
why	0.0022406750
wide	0.0000000000
widening	0.0003306750
wilde	0.0003377250
will	0.0032034750
willem	0.0006347250
william	0.0013308000
williams	0.0089875250
wilson	0.0003574000
window	0.0000000000
windows	0.0000000000
wine	0.0002754500
winner	0.0004258750
winners	0.0000000000
winning	0.0000000000
winter	0.0003377250
wisconsin	0.0010071250
wish	0.0000000000
wishing	0.0000000000
wisp	0.0000000000
with	0.0095571750
withdrawal	0.0000000000
within	0.0003608000
without	0.0018170500
withstanding	0.0000000000
wives	0.0010192250
woman	0.0022712000
women	0.0003003250
won	0.0006777750
wonder	0.0004538750
wonderful	0.0004997500
wondering	0.0009463000
wont	0.0000000000
wood	0.0010619000
wooden	0.0009644500
woody	0.0041591750
word	0.0000000000
words	0.0012452000
work	0.0023785500
worker	0.0001419250
workers	0.0000000000
working	0.0000000000
works	0.0003357500
world	0.0012654250
worn	0.0016483750
worried	0.0001419250
worrying	0.0005031750
worse	0.0008557250
worst	0.0021649000
worth	0.0021226500
would	0.0048767500
wouldn	0.0000000000
wow	0.0007218500
wrapped	0.0003903000
wrenching	0.0000000000
write	0.0000000000
writer	0.0013646750
writers	0.0009311500
writing	0.0000000000
written	0.0016612750
wrong	0.0007268250
wrote	0.0005334250
wrought	0.0002754500
x	0.0006817750
ya	0.0003219500
yadayadayada	0.0000000000
yang	0.0000000000
yeah	0.0000000000
year	0.0024247250
years	0.0023584500
yes	0.0010419250
yet	0.0010892500
yoko	0.0000000000
york	0.0013075000
yorker	0.0003377250
you	0.0106949250
young	0.0011704750
your	0.0015358250
yours	0.0003377250
yourself	0.0007063500
youth	0.0002285000
youthful	0.0007777500
zhang	0.0000000000
zsigmond	0.0009688000
zuotian	0.0000000000
