word,training_document_frequency,feature_mean,correlation
a,37,0.03136825,0.0414844308
abandoned,1,0.0003903,0.0048814884
abducted,1,0.0002516,0.0046803136
ability,1,0.00027545,-0.0051781316
able,1,0.00057645,0.0068953167
about,19,0.005284625,0.008505926
above,2,0.001233025,-0.0048477441
absence,1,0.00072185,-0.0149809273
absolutely,1,0.000731475,0.0113331821
absorb,0,0.0,0.0
abstract,0,0.0,0.0
absurd,1,0.001937625,-0.0278137586
abuse,3,0.000845575,0.0161113824
abused,1,0.0002516,0.0046803136
academy,1,0.000340825,0.0070685758
accent,1,0.000877275,-0.0168361329
accepted,0,0.0,0.0
accepts,0,0.0,0.0
access,0,0.0,0.0
acclaimed,1,0.000330675,0.0051084588
accomplice,1,0.000141925,0.0003730226
according,1,0.000330675,0.0051084588
accountant,0,0.0,0.0
accrued,1,0.0003903,0.0048814884
accumulated,1,0.0002516,0.0046803136
accurate,1,0.001648375,-0.0307628482
accusations,1,0.0010619,-0.0166041122
accused,1,0.000736325,0.013044399
accuses,0,0.0,0.0
achieve,1,0.001041925,0.0009060697
achievement,0,0.0,0.0
achieving,1,0.000634725,0.0075923842
acquainted,1,0.00033575,0.0083780427
acquaints,1,0.00033575,0.0083780427
across,2,0.00132555,0.0004101977
act,0,0.0,0.0
acted,0,0.0,0.0
acting,5,0.001596375,0.022475132
action,4,0.002399675,-0.0019610093
actions,1,0.000634725,0.0075923842
actor,2,0.0009842,0.0161564454
actors,4,0.0023482,-0.0226651201
actress,3,0.00160995,0.0093314236
actresses,5,0.002306975,-0.0215582157
acts,0,0.0,0.0
actual,2,0.000721375,0.0118093229
actually,8,0.00267345,-0.0027457755
add,1,0.00011965,0.0003144771
added,1,0.000569325,0.0078311832
additional,0,0.0,0.0
adds,1,0.000453875,0.0126768419
admit,1,0.000354475,0.0044334246
adopted,1,0.0002516,0.0046803136
adoptive,2,0.0008174,0.0117520681
adopts,0,0.0,0.0
ads,1,0.00049975,0.013958142
adult,1,0.0006102,-0.0049359133
adults,1,0.0007889,0.0038314257
adventure,1,0.000141925,0.0003730226
affect,2,0.0012387,-0.0047886514
affected,1,0.00027545,-0.0051781316
affectionate,0,0.0,0.0
affects,1,0.001041925,0.0009060697
affluence,1,0.00027545,-0.0051781316
afraid,1,0.000337725,-0.0026396717
after,6,0.002537775,-0.0167565452
again,2,0.00079235,0.0080255722
against,0,0.0,0.0
age,1,0.0007889,0.0038314257
aggravates,1,0.000800275,-0.0100707804
ago,1,0.00038345,-0.0052703619
agree,1,0.0010619,-0.0166041122
agreements,1,0.0002516,0.0050698684
ahead,1,0.00038345,-0.0052703619
aids,3,0.00078255,0.0169691492
ailments,1,0.000330675,0.0051084588
air,2,0.001069875,-0.003127576
aires,0,0.0,0.0
airline,1,0.000141925,0.0003730226
airport,1,0.001703475,0.0044772571
airwaves,1,0.0002516,0.0046803136
alice,0,0.0,0.0
alida,0,0.0,0.0
aliens,0,0.0,0.0
alive,0,0.0,0.0
all,15,0.00494165,0.0300582949
allen,3,0.0050797,-0.0779112384
alluring,0,0.0,0.0
almost,4,0.00120985,0.0019308311
alone,0,0.0,0.0
along,2,0.000313575,-0.0036101699
already,1,0.0002285,0.0046043916
alright,1,0.000141925,0.0003730226
also,8,0.00376405,0.0257478243
although,2,0.000755675,-0.0106949869
always,0,0.0,0.0
am,1,0.0001289,0.0003387889
amazement,1,0.000634725,-0.0131733591
amazing,0,0.0,0.0
ameche,0,0.0,0.0
american,2,0.0007985,0.0049612266
americanized,1,0.000746275,0.0109007462
americans,0,0.0,0.0
amid,1,0.00027545,-0.0051781316
among,1,0.000340825,0.0070685758
amoral,0,0.0,0.0
amount,1,0.0003608,0.0101674541
amuse,1,0.000634725,0.0075923842
amusing,1,0.0006102,-0.0049359133
an,22,0.0072829,-0.0308748239
and,38,0.023038,0.017223893
anderson,3,0.000773975,0.0153163013
anger,1,0.000306725,-0.0023973745
angie,2,0.00273685,-0.041701307
angles,2,0.00214045,-2.76964e-05
angry,0,0.0,0.0
angst,2,0.0018038,-0.0303365819
angular,1,0.00027545,-0.0051781316
animated,0,0.0,0.0
ann,4,0.0017058,0.0262369544
anna,2,0.00060785,0.008422424
annoying,0,0.0,0.0
another,4,0.0016798,0.0098838824
answer,0,0.0,0.0
anthony,1,0.000340825,0.0070685758
anti,1,0.00136935,-0.0307805089
anticipate,1,0.0002516,0.0046803136
any,6,0.00179155,-0.0038332961
anybody,1,0.00077775,-0.0056041827
anyone,3,0.00121605,-0.0151061498
anything,3,0.00139615,0.0065875527
anyway,2,0.0011479,0.0028409474
apartment,1,0.0002516,0.0046803136
apparent,1,0.000862775,0.0063526048
apparently,1,0.000836725,-0.0066973172
appeal,0,0.0,0.0
appear,0,0.0,0.0
appears,2,0.001256275,-0.016183381
applauded,1,0.0010619,-0.0166041122
applause,1,0.00038345,-0.0052703619
apples,0,0.0,0.0
arch,1,0.0006102,-0.0049359133
arcs,1,0.000824225,-0.0174492568
are,19,0.0074417,-0.0137951899
aren,1,0.000141925,0.0003730226
argentina,0,0.0,0.0
argument,1,0.000800275,-0.0100707804
arise,1,0.000300325,0.0046395945
aristocratic,0,0.0,0.0
aristocrats,0,0.0,0.0
armistead,4,0.0013573,0.0321438588
arms,0,0.0,0.0
around,2,0.00054035,0.0037691974
arrange,1,0.000569325,0.0078311832
arrive,1,0.000759925,-0.0060825943
arriving,1,0.0006102,-0.0049359133
art,3,0.00162365,-0.0021638008
artist,0,0.0,0.0
artistic,1,0.00038345,-0.0052703619
artistically,0,0.0,0.0
arts,0,0.0,0.0
as,23,0.008896925,0.0333127853
ashe,2,0.000528825,0.0088901972
ashton,0,0.0,0.0
aside,0,0.0,0.0
asks,1,0.0003903,0.0048814884
asleep,0,0.0,0.0
aspect,0,0.0,0.0
aspects,0,0.0,0.0
associates,1,0.0002516,0.0046803136
assumed,0,0.0,0.0
astonishing,0,0.0,0.0
at,17,0.007060925,-0.0410778329
atmosphere,0,0.0,0.0
attempt,3,0.0019774,-0.0374497509
attempts,2,0.00080655,0.0011919749
attendants,1,0.000330675,0.0051084588
attention,1,0.000569325,0.0078311832
attractive,0,0.0,0.0
audience,5,0.002758,0.0174934506
audiences,1,0.0003903,0.0048814884
aunt,0,0.0,0.0
aural,1,0.000337725,-0.0026396717
authentic,1,0.0003903,0.0048814884
auto,1,0.0006102,-0.0049359133
autobiography,1,0.000340825,0.0070685758
automatically,1,0.000824225,-0.0174492568
available,0,0.0,0.0
average,1,0.0003608,0.0101674541
avoid,1,0.000397275,0.0111953307
await,1,0.000141925,0.0003730226
award,3,0.000644675,0.009946591
awards,1,0.000330675,0.0051084588
aware,0,0.0,0.0
away,2,0.00178735,0.0055513371
awful,1,0.000535125,-0.0111062173
b,1,0.0006102,-0.0049359133
babble,1,0.00027545,-0.0051781316
bacall,2,0.001041,-0.0214598021
back,3,0.00104275,0.0066269031
backdrop,1,0.000250175,-0.0047029917
background,1,0.0001289,0.0003387889
backgrounds,1,0.0002516,0.0046803136
backlot,0,0.0,0.0
bad,7,0.0026507,-0.0117755262
badly,1,0.0001289,0.0003387889
bag,1,0.001624175,-0.0365085135
baked,1,0.00027545,-0.0051781316
baker,1,0.0002516,0.0046803136
bang,1,0.000141925,0.0003730226
bangs,0,0.0,0.0
banishes,0,0.0,0.0
banker,1,0.000141925,0.0003730226
barely,2,0.000391075,-0.0048945479
based,4,0.00103645,0.0205278536
basic,1,0.000613475,-0.0047949444
basically,1,0.000687,-0.0050195586
bath,1,0.000694575,-0.0047031987
bathroom,1,0.0002516,0.0050698684
battles,0,0.0,0.0
be,23,0.007050875,-0.0161967618
beach,1,0.000337725,-0.0026396717
bearable,1,0.0010935,-0.0163728
beat,0,0.0,0.0
beatings,0,0.0,0.0
beatles,0,0.0,0.0
beautiful,1,0.000694575,-0.0047031987
beauty,0,0.0,0.0
because,8,0.0030212,0.008876562
becky,1,0.0002516,0.0046803136
become,1,0.0001289,0.0003387889
becomes,5,0.001638875,0.011410285
becoming,1,0.000337725,-0.0026396717
bed,1,0.0010935,-0.0163728
been,13,0.004646175,0.0185228715
before,5,0.0023564,0.0221786722
begin,0,0.0,0.0
beginning,2,0.0011807,-0.015079683
behavior,1,0.000824225,-0.0174492568
behind,1,0.0001289,0.0003387889
beijing,0,0.0,0.0
being,10,0.003102975,0.0224117544
believable,4,0.001424225,0.0149148259
believe,3,0.001212175,0.016614572
belonging,1,0.000141925,0.0003730226
belongs,2,0.0006548,0.009073019
ben,0,0.0,0.0
benefit,1,0.000330675,0.0051084588
bergman,4,0.003850875,-0.0596446297
berman,1,0.00027545,-0.0051781316
bermuda,1,0.000141925,0.0003730226
best,11,0.0036182,0.0182806903
bet,1,0.00100635,0.0202784662
beth,1,0.000337725,-0.0026396717
better,9,0.005267575,-0.0117078015
betty,0,0.0,0.0
between,3,0.0009643,-0.0042339239
beyond,1,0.0005509,-0.0103562632
biased,0,0.0,0.0
bicycle,0,0.0,0.0
big,1,0.000527525,0.0093453931
biggest,1,0.0006102,-0.0049359133
bike,0,0.0,0.0
bill,0,0.0,0.0
billies,0,0.0,0.0
bird,1,0.000836725,-0.0066973172
bit,4,0.001233625,0.0178363022
bitchy,1,0.001624175,-0.0365085135
bits,1,0.000731475,0.0113331821
bizarre,1,0.0003903,0.0048814884
black,0,0.0,0.0
blaisdell,1,0.002538975,-0.0480785133
blame,2,0.00135765,-0.0134180008
bland,1,0.000141925,0.0003730226
blazing,2,0.00089725,0.0164516627
bleeds,1,0.000736325,0.013044399
bleibtreau,1,0.00032195,-0.0061786703
bless,1,0.000340825,0.0070685758
blindness,1,0.000330675,0.0051084588
blockbuster,1,0.000634725,-0.0131733591
blonde,0,0.0,0.0
blood,0,0.0,0.0
bloody,0,0.0,0.0
blow,1,0.0006556,-0.0136060067
blue,0,0.0,0.0
board,1,0.0001289,0.0003387889
bobby,6,0.001629775,0.0301424818
bodies,1,0.000141925,0.0003730226
body,0,0.0,0.0
boiler,1,0.0002516,0.0046803136
bolt,2,0.00226815,0.0440759975
bombed,1,0.000340825,0.0070685758
bondage,1,0.00038345,-0.0052703619
bonus,1,0.000569325,0.0078311832
book,3,0.0012648,0.0205483222
boost,0,0.0,0.0
boot,1,0.000304925,0.0076088598
bored,1,0.00032195,-0.0061786703
boredom,1,0.000726825,-0.0091464746
boring,5,0.0018932,-0.0306633163
born,1,0.0003903,0.0048814884
boss,1,0.000736325,0.013044399
boston,0,0.0,0.0
both,3,0.001121375,0.0174019408
bother,0,0.0,0.0
bothered,0,0.0,0.0
bottom,2,0.000654775,-0.0107917403
bounced,1,0.00032195,-0.0061786703
bound,0,0.0,0.0
boy,9,0.0039745,0.0386449749
boyfriend,3,0.001074725,-0.0030501506
boyz,0,0.0,0.0
bracelet,1,0.0002516,0.0050698684
brain,0,0.0,0.0
brains,1,0.00072185,-0.0149809273
branagh,1,0.000337725,-0.0026396717
brand,1,0.000141925,0.0003730226
brass,0,0.0,0.0
brassy,0,0.0,0.0
break,0,0.0,0.0
breaks,0,0.0,0.0
brian,1,0.0010619,-0.0166041122
bridges,0,0.0,0.0
brie,1,0.00027545,-0.0051781316
brief,1,0.0006102,-0.0049359133
briefly,1,0.0009688,-0.0139066999
bright,0,0.0,0.0
brilliant,3,0.001188625,0.0158358256
brilliantly,1,0.000340825,0.0070685758
bring,0,0.0,0.0
bristish,0,0.0,0.0
britain,0,0.0,0.0
british,0,0.0,0.0
bro,0,0.0,0.0
bromwell,1,0.003155475,0.0153250959
brooks,3,0.003465175,0.0259377682
brother,1,0.000337725,-0.0026396717
brought,0,0.0,0.0
brutal,2,0.001010075,-0.0091725821
bubble,1,0.000694575,-0.0047031987
buddy,0,0.0,0.0
buenos,0,0.0,0.0
buffs,1,0.0006102,-0.0049359133
building,0,0.0,0.0
buildings,1,0.0002516,0.0050698684
bullshit,0,0.0,0.0
bunch,1,0.000141925,0.0003730226
burn,1,0.0007889,0.0038314257
burning,0,0.0,0.0
bus,0,0.0,0.0
business,1,0.0006102,-0.0049359133
businessman,1,0.000141925,0.0003730226
busy,1,0.0003903,0.0048814884
but,28,0.0094091,-0.023144731
by,20,0.0060459,0.0174352565
c,1,0.0002924,-0.0056115645
caddie,0,0.0,0.0
caddies,0,0.0,0.0
caddy,0,0.0,0.0
called,2,0.0012958,0.0035705281
came,4,0.00152045,0.0009609373
cameo,0,0.0,0.0
camera,2,0.00078055,-0.0041934831
can,15,0.005832925,-0.0218065909
canadian,1,0.000681775,0.0060557057
canceled,0,0.0,0.0
cannavale,6,0.0020505,0.0394961534
cannon,1,0.000890725,3.0471e-06
cannot,1,0.001152925,-0.021832007
capable,0,0.0,0.0
captivated,2,0.0006548,0.009073019
captures,1,0.000397275,0.0111953307
car,3,0.003065225,-0.0431456746
carbon,0,0.0,0.0
care,1,0.0002881,-0.0039598155
career,1,0.000500325,-0.0094055135
careers,0,0.0,0.0
careful,1,0.0002516,0.0046803136
cares,1,0.000397275,0.0111953307
caretaker,1,0.000340825,0.0070685758
cargo,1,0.000141925,0.0003730226
caring,1,0.000337725,-0.0026396717
carl,1,0.000337725,-0.0026396717
carlin,1,0.0002516,0.0050698684
carmen,0,0.0,0.0
carnivale,0,0.0,0.0
carries,1,0.001624175,-0.0365085135
carry,1,0.000794525,0.0223899569
carter,1,0.00038345,-0.0052703619
cartoon,1,0.0007889,0.0038314257
casablanca,0,0.0,0.0
case,3,0.0023825,-0.0291080153
cast,9,0.003344175,-0.0165233931
casting,1,0.000664325,0.0102927868
catholic,0,0.0,0.0
caught,0,0.0,0.0
cause,1,0.0002516,0.0050698684
caused,1,0.00027545,-0.0051781316
causes,1,0.0003903,0.0048814884
ceiling,0,0.0,0.0
celebrated,1,0.000330675,0.0051084588
celebrates,0,0.0,0.0
celebrities,1,0.0002516,0.0046803136
celebrity,1,0.000337725,-0.0026396717
cell,0,0.0,0.0
cemeteries,0,0.0,0.0
central,0,0.0,0.0
century,0,0.0,0.0
ceremony,1,0.0010935,-0.0163728
certain,2,0.001006175,0.0096625175
certainly,2,0.0017337,0.0150192777
challenge,0,0.0,0.0
chambers,1,0.00028395,0.0007463081
chance,1,0.0003608,0.0101674541
change,3,0.00136425,0.0061062857
changing,1,0.0003608,0.0101674541
chantings,1,0.0009688,-0.0139066999
chaperone,1,0.0006102,-0.0049359133
character,8,0.003050875,-0.0022791636
characteristic,1,0.0009127,0.0103090329
characterization,1,0.000330675,0.0051084588
characters,6,0.00218375,-0.0099808298
charisma,1,0.00077775,-0.0056041827
charlie,2,0.00358105,-0.070587243
charlotte,0,0.0,0.0
charming,0,0.0,0.0
cheap,2,0.001283525,0.0157926849
cheats,1,0.0006102,-0.0049359133
check,0,0.0,0.0
cheese,1,0.00027545,-0.0051781316
cheesy,0,0.0,0.0
chef,1,0.00077775,-0.0056041827
chemistry,1,0.00077775,-0.0056041827
child,1,0.000256075,0.0053108943
childhood,0,0.0,0.0
chilling,1,0.000340825,0.0070685758
chilly,1,0.00033575,0.0083780427
chinese,0,0.0,0.0
chock,1,0.000337725,-0.0026396717
choices,2,0.000793225,0.0106315757
chopped,1,0.000330675,0.0051084588
chose,1,0.00027545,-0.0051781316
christ,0,0.0,0.0
christopher,1,0.000141925,0.0003730226
cigarettes,1,0.00027545,-0.0051781316
cinderella,0,0.0,0.0
cinematography,1,0.000727875,-0.010448327
circle,1,0.000800275,-0.0100707804
circumstance,0,0.0,0.0
citizen,1,0.000890725,3.0471e-06
city,2,0.000692125,0.0105484911
class,1,0.000573325,-0.0072148076
classic,5,0.0019855,0.0239745991
classics,1,0.000736325,0.013044399
clear,2,0.000949925,0.0116750487
clearly,0,0.0,0.0
clever,1,0.000634725,-0.0131733591
clich,0,0.0,0.0
cliched,0,0.0,0.0
climactic,1,0.0006102,-0.0049359133
climax,1,0.000681775,0.0060557057
close,3,0.0013505,0.0129078849
closer,1,0.0007889,0.0038314257
closet,0,0.0,0.0
clothes,1,0.000736325,0.013044399
clothing,0,0.0,0.0
cloud,0,0.0,0.0
club,1,0.001269425,-0.0240380732
clubs,0,0.0,0.0
clueless,1,0.000694575,-0.0047031987
clumsy,1,0.0002924,-0.0056115645
cluttered,0,0.0,0.0
co,3,0.000577975,0.0106449488
coaxed,0,0.0,0.0
cocked,0,0.0,0.0
cocky,0,0.0,0.0
collete,2,0.001088525,0.0133784998
collette,8,0.004486375,0.0765983427
colors,1,0.001314825,-0.000936568
comatose,1,0.00032195,-0.0061786703
combine,1,0.001648375,-0.0307628482
come,4,0.00382305,-0.039918365
comeback,0,0.0,0.0
comedic,2,0.001093525,0.0140077903
comedies,2,0.001118525,0.0064227121
comedy,5,0.004947625,-0.0779364369
comes,1,0.000267675,-0.0020921582
comic,2,0.00070405,0.0079738501
comical,1,0.0003903,0.0048814884
coming,1,0.00063775,-0.004659714
commendable,1,0.000862775,0.0063526048
commenters,1,0.000681775,0.0060557057
comments,2,0.00096465,0.0149323813
commercials,0,0.0,0.0
commit,1,0.0006102,-0.0049359133
companion,1,0.00032195,-0.0061786703
compared,1,0.0002516,0.0050698684
compel,0,0.0,0.0
compelling,2,0.000978,-0.0076482789
compels,1,0.00033575,0.0083780427
compete,0,0.0,0.0
competing,0,0.0,0.0
complaining,1,0.00072185,-0.0149809273
complaint,2,0.00126285,0.0126796093
complete,1,0.0007274,0.0053558399
completely,3,0.00248575,-0.0230567392
complex,0,0.0,0.0
computer,1,0.0002516,0.0050698684
concept,1,0.000340825,0.0070685758
concerned,1,0.0006102,-0.0049359133
concerns,1,0.001269425,-0.0240380732
concorde,1,0.000141925,0.0003730226
condensed,1,0.000800275,-0.0100707804
conditions,0,0.0,0.0
confirmed,1,0.000340825,0.0070685758
conflicted,1,0.0002516,0.0046803136
confused,1,0.00030955,0.0064199447
confusion,0,0.0,0.0
connect,1,0.00027545,-0.0051781316
connection,2,0.000417725,-8.62379e-05
consideration,1,0.000330675,0.0051084588
considered,2,0.001725575,-0.0233348157
consistencies,0,0.0,0.0
constant,1,0.0003903,0.0048814884
constantly,1,0.00030955,0.0064199447
contact,1,0.000517075,0.0071124736
contained,0,0.0,0.0
contains,0,0.0,0.0
contemplates,0,0.0,0.0
contemporaneous,1,0.0010619,-0.0166041122
contempt,1,0.00027545,-0.0051781316
content,1,0.000746275,0.0109007462
context,0,0.0,0.0
contracted,1,0.000340825,0.0070685758
contrary,1,0.0010619,-0.0166041122
control,1,0.0001289,0.0003387889
convinced,1,0.00077775,-0.0056041827
convincing,0,0.0,0.0
convincingly,0,0.0,0.0
cooking,0,0.0,0.0
cool,0,0.0,0.0
cop,0,0.0,0.0
copy,1,0.000306725,-0.0023973745
core,2,0.0011748,0.0050735159
corn,1,0.000736325,0.013044399
corpses,0,0.0,0.0
correct,1,0.000330675,0.0051084588
correspondence,1,0.0002516,0.0046803136
corruption,1,0.0010935,-0.0163728
cosmopolitan,1,0.00027545,-0.0051781316
costner,0,0.0,0.0
costume,0,0.0,0.0
cottage,0,0.0,0.0
could,14,0.004816025,0.0102177245
couldn,2,0.000927125,-0.0099337599
counselors,1,0.0003903,0.0048814884
counter,0,0.0,0.0
countless,0,0.0,0.0
country,1,0.000348275,-0.004786896
couple,3,0.001155925,0.0002761806
courage,0,0.0,0.0
course,1,0.000101675,0.0002672332
cowardice,1,0.000694575,-0.0047031987
crap,2,0.000876175,-0.0038881239
crashing,1,0.00028395,0.0007463081
crawford,0,0.0,0.0
crawfords,0,0.0,0.0
crazed,0,0.0,0.0
crazy,1,0.0009688,-0.0139066999
create,1,0.00038345,-0.0052703619
creating,0,0.0,0.0
creation,0,0.0,0.0
creative,0,0.0,0.0
creature,1,0.001269425,-0.0240380732
credit,0,0.0,0.0
credits,1,0.0001289,0.0003387889
creepy,3,0.0009709,0.0148551687
crew,1,0.000141925,0.0003730226
cringe,0,0.0,0.0
critically,1,0.000330675,0.0051084588
criticism,0,0.0,0.0
critics,1,0.002123925,-0.0332101789
cross,1,0.000141925,0.0003730226
crush,1,0.000736325,0.013044399
crust,0,0.0,0.0
cry,1,0.00030955,0.0064199447
crying,0,0.0,0.0
cryptic,1,0.0009688,-0.0139066999
cube,0,0.0,0.0
cues,0,0.0,0.0
cuff,0,0.0,0.0
culinary,1,0.00077775,-0.0056041827
culkin,6,0.00286535,0.0461848041
cullum,2,0.000582975,0.0086840273
cult,1,0.000340825,0.0070685758
cultural,1,0.00096445,-0.0150803616
culture,0,0.0,0.0
curiosity,1,0.000337725,-0.0026396717
current,0,0.0,0.0
curse,0,0.0,0.0
cut,7,0.002245375,0.016712254
cutest,0,0.0,0.0
d,5,0.0025671,-0.0026707534
dad,1,0.0005542,-0.0044829288
dafoe,1,0.000634725,-0.0131733591
damage,1,0.00027545,-0.0051781316
damn,1,0.000746275,0.0109007462
dance,0,0.0,0.0
dancer,1,0.0002285,0.0046043916
dancing,1,0.0006556,-0.0136060067
danger,1,0.000141925,0.0003730226
dangerous,1,0.000340825,0.0070685758
dark,7,0.002818025,-0.0093352761
darkness,1,0.0003608,0.0101674541
dated,1,0.000141925,0.0003730226
daughter,1,0.000141925,0.0003730226
dawson,1,0.000756425,-0.0055268116
day,2,0.000467075,0.0019258536
days,2,0.000682375,0.0172812335
dc,1,0.00038345,-0.0052703619
dead,1,0.00011965,0.0003144771
deadly,1,0.000330675,0.0051084588
deaf,0,0.0,0.0
deafening,1,0.000337725,-0.0026396717
deal,0,0.0,0.0
deals,0,0.0,0.0
death,3,0.000804325,-0.0006316448
debut,0,0.0,0.0
decade,1,0.000340825,0.0070685758
decades,1,0.0003903,0.0048814884
decent,2,0.0006341,-0.0038469136
decide,2,0.00191285,-0.0279146013
decides,2,0.000533425,0.0118594626
deciding,1,0.0002516,0.0050698684
decrescendos,1,0.00032195,-0.0061786703
deepening,1,0.0003903,0.0048814884
defined,1,0.00027545,-0.0051781316
definitely,4,0.00190525,0.0046213922
defying,1,0.0006102,-0.0049359133
deleted,1,0.000330675,0.0051084588
delight,0,0.0,0.0
delightful,0,0.0,0.0
deliver,1,0.00032195,-0.0061786703
delivers,1,0.0002924,-0.0056115645
delivery,1,0.000681775,0.0060557057
demands,0,0.0,0.0
demeanor,1,0.001624175,-0.0365085135
demme,0,0.0,0.0
demolition,1,0.000736325,0.013044399
demonstration,0,0.0,0.0
denise,2,0.002105925,-0.0374291036
depalma,1,0.0010619,-0.0166041122
department,0,0.0,0.0
departure,1,0.0002285,0.0042506028
depicted,0,0.0,0.0
depicting,0,0.0,0.0
depicts,1,0.0003903,0.0048814884
depression,0,0.0,0.0
depth,1,0.000250175,-0.0047029917
derange,1,0.0002516,0.0046803136
descent,2,0.001503,-0.0097010589
deserve,1,0.000278775,0.0043066776
deserved,0,0.0,0.0
deserves,1,0.001389725,-0.0259357848
design,2,0.0007845,-0.0132672178
designers,0,0.0,0.0
desire,0,0.0,0.0
desired,1,0.001041925,0.0009060697
despair,1,0.0003903,0.0048814884
desperate,3,0.00119905,-0.0049095207
desperately,0,0.0,0.0
desperation,1,0.0002516,0.0046803136
despite,3,0.00104635,0.0012609552
destroyed,0,0.0,0.0
detail,1,0.00033575,0.0083780427
detailing,1,0.00033575,0.0083780427
details,0,0.0,0.0
determination,0,0.0,0.0
determine,1,0.000746275,0.0109007462
detract,0,0.0,0.0
developing,0,0.0,0.0
development,1,0.000993125,-0.0148699012
device,0,0.0,0.0
devious,1,0.0002516,0.0046803136
devoid,1,0.000800275,-0.0100707804
dialog,1,0.000337725,-0.0026396717
dialogue,4,0.001510225,-0.0241380664
dickens,1,0.000337725,-0.0026396717
did,9,0.003100075,0.006034989
didn,6,0.002740425,-0.0143381264
died,0,0.0,0.0
dies,0,0.0,0.0
differences,0,0.0,0.0
different,2,0.00070395,0.0089352208
difficult,0,0.0,0.0
diggers,1,0.000736325,0.013044399
dignified,0,0.0,0.0
dignity,1,0.0002924,-0.0056115645
dilemma,1,0.000141925,0.0003730226
dillane,0,0.0,0.0
dime,0,0.0,0.0
dimensional,1,0.00032195,-0.0061786703
dinner,1,0.0010935,-0.0163728
dir,1,0.0002516,0.0046803136
directed,4,0.00084565,0.0085527906
directing,1,0.000584875,-0.0112245684
direction,5,0.00208665,-0.0054063804
directly,1,0.000828925,0.0093627864
director,9,0.004314975,0.0262710548
directorial,1,0.000306725,-0.0023973745
directors,2,0.00070405,0.0079738501
directs,1,0.0002516,0.0050698684
disappointed,2,0.00107705,0.0070436755
disaster,1,0.0005678,0.0014923533
disbelief,0,0.0,0.0
disciplined,0,0.0,0.0
discover,1,0.0003903,0.0048814884
discovering,1,0.0002516,0.0046803136
discovers,1,0.00033575,0.0083780427
discovery,1,0.000141925,0.0003730226
discussion,1,0.0010935,-0.0163728
disengagement,0,0.0,0.0
dishonest,1,0.000736325,0.013044399
disney,0,0.0,0.0
disneyfied,0,0.0,0.0
dispersion,1,0.000330675,0.0051084588
displayed,1,0.000397275,0.0111953307
displays,0,0.0,0.0
dissonance,0,0.0,0.0
distance,1,0.000337725,-0.0026396717
distorted,1,0.00027545,-0.0051781316
distrust,0,0.0,0.0
disturbed,1,0.0002516,0.0046803136
disturbing,2,0.001140875,0.0076572833
disused,1,0.000141925,0.0003730226
divorce,2,0.000478675,-9.86001e-05
do,7,0.00225995,0.0338396093
documentary,0,0.0,0.0
documenting,0,0.0,0.0
does,6,0.002136125,0.001913522
doesn,6,0.002294925,0.0115756324
doggedly,0,0.0,0.0
doing,0,0.0,0.0
doll,0,0.0,0.0
domineering,1,0.000337725,-0.0026396717
domino,0,0.0,0.0
don,14,0.004823875,-0.0226177139
done,2,0.0025044,0.0043802901
donna,5,0.001722625,0.0355362008
doo,1,0.0006102,-0.0049359133
doors,1,0.0001289,0.0003387889
double,1,0.0006102,-0.0049359133
doubt,2,0.000692125,0.0105484911
down,2,0.001002325,-0.0007912427
dozen,0,0.0,0.0
drag,1,0.0006102,-0.0049359133
dragged,0,0.0,0.0
dragons,0,0.0,0.0
dragstrip,3,0.002290125,-0.0300742134
draining,2,0.000542575,-0.0103145563
drama,4,0.002436775,0.0113143666
dramas,1,0.000340825,0.0070685758
dramatic,3,0.001537325,0.0261476172
dramatization,1,0.000634725,0.0075923842
drawn,1,0.000330675,0.0051084588
draws,1,0.000862775,0.0063526048
dreadful,2,0.0009771,-0.0115976348
dream,0,0.0,0.0
dreams,1,0.000756425,-0.0055268116
drenched,1,0.00027545,-0.0051781316
drenching,0,0.0,0.0
dress,1,0.00072185,-0.0149809273
dressing,0,0.0,0.0
drifts,0,0.0,0.0
drink,0,0.0,0.0
drinking,1,0.000993125,-0.0148699012
drinks,0,0.0,0.0
drive,1,0.001648375,-0.0307628482
driven,0,0.0,0.0
driver,0,0.0,0.0
drives,0,0.0,0.0
drone,0,0.0,0.0
drones,1,0.000824225,-0.0174492568
drown,1,0.000141925,0.0003730226
drug,0,0.0,0.0
drugs,0,0.0,0.0
drunk,1,0.000141925,0.0003730226
dubbed,0,0.0,0.0
duck,1,0.001648375,-0.0307628482
due,2,0.0008174,0.0117520681
dull,2,0.000508075,-0.0040251511
dulled,0,0.0,0.0
dumb,1,0.000340825,0.0070685758
during,2,0.000685375,-0.0138640565
dvd,1,0.000340825,0.0070685758
dwarfs,1,0.000337725,-0.0026396717
dying,1,0.0002516,0.0046803136
dysfunctional,1,0.000337725,-0.0026396717
e,0,0.0,0.0
each,2,0.001075075,0.0062670625
earlier,1,0.000337725,-0.0026396717
early,1,0.000267825,0.0033496916
earrings,0,0.0,0.0
earth,1,0.000634725,-0.0131733591
ease,1,0.0010935,-0.0163728
easily,1,0.000890725,3.0471e-06
east,1,0.00032195,-0.0061786703
easy,1,0.0008799,-0.0126305793
eat,0,0.0,0.0
ecstasy,0,0.0,0.0
edge,1,0.000731475,0.0113331821
edges,0,0.0,0.0
editing,2,0.000853575,0.0094122031
editor,1,0.0002516,0.0046803136
eerie,1,0.000681775,0.0060557057
effect,0,0.0,0.0
effective,0,0.0,0.0
effects,1,0.0001289,0.0003387889
effort,3,0.003462025,-0.0247276227
either,5,0.002249525,-0.0147745153
elections,1,0.0002516,0.0050698684
elevated,1,0.00027545,-0.0051781316
eleventh,0,0.0,0.0
elite,1,0.00032195,-0.0061786703
else,5,0.0023299,-0.0197383127
elusive,1,0.0003903,0.0048814884
embarrassing,1,0.000675475,-0.0052795388
emergence,0,0.0,0.0
emery,1,0.0002516,0.0046803136
emotion,1,0.000800275,-0.0100707804
emotional,1,0.0002516,0.0046803136
emotionally,0,0.0,0.0
emotions,0,0.0,0.0
empathizes,0,0.0,0.0
emphatic,0,0.0,0.0
en,1,0.0003903,0.0048814884
enablers,0,0.0,0.0
enamored,2,0.001223425,0.0020227732
encountering,1,0.000836725,-0.0066973172
encourages,0,0.0,0.0
end,8,0.002355,-0.0034624017
ending,2,0.000700125,0.0160750881
endless,1,0.00032195,-0.0061786703
endlessly,0,0.0,0.0
ends,1,0.00033575,0.0083780427
endures,0,0.0,0.0
energy,1,0.00032195,-0.0061786703
engaging,2,0.00155315,-0.0077266158
england,0,0.0,0.0
english,0,0.0,0.0
enjoy,2,0.00135845,0.0073664093
enjoyed,4,0.00182245,-0.0047820421
enough,6,0.0026611,-0.008981453
ensuing,0,0.0,0.0
entendres,1,0.0006102,-0.0049359133
entertain,0,0.0,0.0
entertained,2,0.00070535,0.0072341056
entertaining,4,0.00143375,-0.0159653651
entertainment,2,0.000988425,-0.0014782027
enthralled,1,0.000731475,0.0113331821
enthralling,1,0.000354475,0.0044334246
entire,1,0.000453875,0.0126768419
entitled,1,0.0003903,0.0048814884
episode,1,0.0007889,0.0038314257
equal,0,0.0,0.0
equally,1,0.000824225,-0.0174492568
er,0,0.0,0.0
era,2,0.0014341,-0.0171135081
erotic,0,0.0,0.0
escape,0,0.0,0.0
escaped,1,0.0002516,0.0046803136
escort,1,0.000800275,-0.0100707804
especially,4,0.002074375,-0.0106082511
essence,1,0.000397275,0.0111953307
established,1,0.00033575,0.0083780427
establishing,1,0.000330675,0.0051084588
establishment,0,0.0,0.0
establishments,0,0.0,0.0
estate,1,0.000141925,0.0003730226
estranged,1,0.0002516,0.0046803136
estrangement,1,0.00027545,-0.0051781316
etc,1,0.000535375,-0.0041845118
even,14,0.005503175,-0.0253685577
evening,1,0.000731475,0.0113331821
evenings,1,0.0003903,0.0048814884
event,1,0.0007216,0.0203349081
events,5,0.002254175,0.0112268632
eventually,4,0.00179225,-0.0147315142
ever,4,0.0022237,-0.0091000362
every,4,0.001817425,0.0175234866
everybody,0,0.0,0.0
everyone,4,0.001544575,-0.0119283557
everything,3,0.002264475,0.0113110911
everywhere,1,0.000300325,0.0046395945
evicted,1,0.000759925,-0.0060825943
evident,0,0.0,0.0
evil,1,0.001314825,-0.000936568
evokes,1,0.000330675,0.0051084588
ex,2,0.000745575,0.0117168653
exact,0,0.0,0.0
exactly,2,0.00094045,-0.006950352
example,1,0.000767875,-0.0110225095
exceedingly,0,0.0,0.0
excellent,6,0.002919275,-0.0176612845
except,1,0.000283075,0.007063632
exception,1,0.000340825,0.0070685758
exceptionally,1,0.000300325,0.0046395945
exchange,0,0.0,0.0
exchanges,1,0.0006102,-0.0049359133
excitement,1,0.000141925,0.0003730226
excoriated,1,0.0010619,-0.0166041122
excruciatingly,1,0.000800275,-0.0100707804
excuse,0,0.0,0.0
exemplary,1,0.000300325,0.0046395945
exercises,0,0.0,0.0
exist,1,0.000340825,0.0070685758
existence,2,0.000582975,0.0086840273
existential,1,0.000337725,-0.0026396717
exiting,0,0.0,0.0
expect,4,0.002217425,-0.0004219663
expected,3,0.001080625,-0.004661267
expecting,1,0.00049975,0.013958142
expensive,0,0.0,0.0
experience,0,0.0,0.0
explain,0,0.0,0.0
exploitationer,0,0.0,0.0
exploits,1,0.00077775,-0.0056041827
explores,0,0.0,0.0
exposes,0,0.0,0.0
exposing,0,0.0,0.0
expressing,0,0.0,0.0
expressionist,1,0.00027545,-0.0051781316
expressions,0,0.0,0.0
exteriors,1,0.00033575,0.0083780427
extra,1,0.0002579,0.0006778407
extreme,1,0.00027545,-0.0051781316
extremes,0,0.0,0.0
eye,1,0.0010935,-0.0163728
eyes,0,0.0,0.0
f,1,0.00072185,-0.0149809273
fabulous,0,0.0,0.0
face,1,0.00066875,0.0118472711
faces,1,0.000141925,0.0003730226
facial,0,0.0,0.0
facing,1,0.000141925,0.0003730226
fact,4,0.001572975,-0.0027164644
faded,1,0.000681775,0.0060557057
fail,0,0.0,0.0
failed,1,0.001624175,-0.0365085135
fails,1,0.000634725,0.0075923842
fairways,0,0.0,0.0
fake,0,0.0,0.0
fall,1,0.000890725,3.0471e-06
falling,0,0.0,0.0
falls,0,0.0,0.0
false,1,0.0006192,0.005499898
fame,2,0.000876775,0.0115349112
familiar,2,0.000402725,0.0073781091
familiarity,0,0.0,0.0
family,2,0.0009232,-0.009382942
fan,3,0.00158655,-0.0011503626
fanatic,1,0.0006102,-0.0049359133
fans,1,0.000457,0.0085012055
fantastic,3,0.00167765,0.0256489115
far,5,0.00155955,0.0007840854
fare,1,0.000634725,0.0075923842
fares,1,0.000862775,0.0063526048
farley,0,0.0,0.0
fart,1,0.00027545,-0.0051781316
fashion,1,0.000453875,0.0126768419
fashionable,0,0.0,0.0
fashioned,1,0.0002285,0.0042506028
fashions,1,0.000141925,0.0003730226
fast,1,0.000141925,0.0003730226
faster,1,0.00033575,0.0083780427
father,0,0.0,0.0
fault,0,0.0,0.0
favorite,4,0.002064625,-0.0034540684
favourite,1,0.0001289,0.0003387889
faye,0,0.0,0.0
fear,0,0.0,0.0
feature,0,0.0,0.0
feel,4,0.001252125,0.0135992384
feeling,4,0.001255775,0.0126614588
feelings,2,0.00118945,-0.0062106346
feels,1,0.000862775,0.0063526048
fegsen,0,0.0,0.0
fell,0,0.0,0.0
felt,4,0.001999625,0.0079443524
female,1,0.0006102,-0.0049359133
fence,0,0.0,0.0
festival,0,0.0,0.0
fetched,1,0.0007889,0.0038314257
fetish,0,0.0,0.0
few,4,0.001267775,0.0070713155
fiction,1,0.001269425,-0.0240380732
fiend,1,0.000634725,0.0075923842
fight,2,0.001221625,-0.0102655096
fighting,1,0.00066875,0.0118472711
figure,1,0.000348275,-0.004786896
files,1,0.000681775,0.0060557057
fill,1,0.000687,-0.0050195586
filled,0,0.0,0.0
filler,0,0.0,0.0
film,26,0.0091435,-0.0181386502
filmed,1,0.00119415,-0.0008506096
films,4,0.001592675,-0.0103515701
final,0,0.0,0.0
finale,0,0.0,0.0
finally,2,0.000461475,0.0077579651
financially,1,0.0007889,0.0038314257
find,7,0.002706425,-0.0084910158
finds,2,0.0006548,0.009073019
fine,1,0.00087845,0.00076391
finely,1,0.0002516,0.0046803136
finger,1,0.00077775,-0.0056041827
finish,1,0.00038345,-0.0052703619
finished,1,0.00038345,-0.0052703619
firemen,0,0.0,0.0
first,5,0.00197515,-0.0007019173
fischer,0,0.0,0.0
fisher,1,0.000890725,3.0471e-06
fitting,0,0.0,0.0
five,1,0.000630825,-0.0042715262
fix,1,0.000681775,0.0060557057
flabby,0,0.0,0.0
flames,0,0.0,0.0
flashbacks,1,0.000141925,0.0003730226
flat,1,0.000808975,2.7674e-06
flawed,1,0.000808975,2.7674e-06
flawlessly,1,0.00038345,-0.0052703619
flaws,1,0.00032195,-0.0061786703
flesh,1,0.000141925,0.0003730226
fleshed,1,0.0009127,0.0103090329
flick,2,0.00075385,-0.0035321737
flicks,0,0.0,0.0
flight,2,0.000528825,0.0092439861
flitter,0,0.0,0.0
float,0,0.0,0.0
floods,1,0.000141925,0.0003730226
floor,0,0.0,0.0
flourishes,0,0.0,0.0
flown,1,0.000141925,0.0003730226
flying,1,0.0002579,0.0006778407
folks,1,0.0006102,-0.0049359133
follow,0,0.0,0.0
followable,1,0.0009127,0.0103090329
followed,1,0.000141925,0.0003730226
follows,1,0.000517075,0.0071124736
fond,1,0.0006102,-0.0049359133
foot,1,0.000340825,0.0070685758
footage,1,0.00028395,0.0007463081
for,26,0.009905325,-0.0243341048
forcedly,0,0.0,0.0
forehead,1,0.0002516,0.0050698684
foreheads,0,0.0,0.0
foreshadowing,0,0.0,0.0
forever,0,0.0,0.0
forget,2,0.00106715,0.0050777537
forgotten,1,0.0001289,0.0003387889
form,2,0.00119295,-0.0108297588
formal,1,0.0009688,-0.0139066999
former,1,0.0002516,0.0046803136
formulaic,0,0.0,0.0
forrest,1,0.0009688,-0.0139066999
forward,1,0.000397275,0.0111953307
fought,0,0.0,0.0
foul,1,0.000836725,-0.0066973172
found,5,0.001769825,0.0168784037
foundations,1,0.000681775,0.0060557057
fourteen,1,0.00033575,0.0083780427
fox,0,0.0,0.0
foxworth,1,0.000141925,0.0003730226
fragile,1,0.000397275,0.0111953307
frail,1,0.000141925,0.0003730226
frailty,0,0.0,0.0
framing,1,0.00033575,0.0083780427
francis,0,0.0,0.0
franco,0,0.0,0.0
frankenstein,1,0.0002516,0.0050698684
fraud,1,0.000340825,0.0070685758
frederic,1,0.0009688,-0.0139066999
freedom,0,0.0,0.0
freeways,0,0.0,0.0
frenetic,0,0.0,0.0
frequents,1,0.00033575,0.0083780427
fresh,1,0.0006102,-0.0049359133
friday,1,0.00057645,0.0068953167
friend,2,0.00087155,0.0115458982
friendly,0,0.0,0.0
friends,1,0.0002661,0.0066400512
friendship,1,0.000569325,0.0078311832
friendships,0,0.0,0.0
from,18,0.0061865,0.0013521691
front,1,0.0002924,-0.0056115645
fruity,1,0.0006102,-0.0049359133
full,2,0.000442775,0.001532961
fume,1,0.0009127,0.0103090329
fumes,1,0.0002516,0.0050698684
fun,1,0.0006102,-0.0049359133
funeral,0,0.0,0.0
funnier,1,0.000337725,-0.0026396717
funny,4,0.0030151,-0.0203158692
further,1,0.000304925,0.0076088598
future,2,0.001988275,-0.0206564081
fyi,0,0.0,0.0
gabriel,6,0.00299745,0.0605735968
gained,0,0.0,0.0
galiena,0,0.0,0.0
game,0,0.0,0.0
games,0,0.0,0.0
gangsters,0,0.0,0.0
garb,0,0.0,0.0
gas,2,0.0003574,0.0045893917
gave,1,0.00161785,5.5345e-06
gay,3,0.001302775,-0.006289487
gender,0,0.0,0.0
genera,1,0.001648375,-0.0307628482
general,2,0.001333775,4.62626e-05
generally,1,0.0010619,-0.0166041122
generated,1,0.000141925,0.0003730226
generation,1,0.000340825,0.0070685758
generic,0,0.0,0.0
genre,1,0.000304925,0.0076088598
gentlemen,0,0.0,0.0
genuinely,1,0.0002516,0.0046803136
george,2,0.0004864,0.0052822323
german,1,0.000271425,-0.005209025
get,6,0.004140425,-0.0433229609
gets,3,0.001083925,0.0150519063
getting,5,0.002656425,-0.0307977049
ghetto,1,0.000736325,0.013044399
ghost,3,0.00387495,-0.0545041574
ghosts,0,0.0,0.0
giant,1,0.00032195,-0.0061786703
girl,0,0.0,0.0
girls,0,0.0,0.0
give,5,0.002396825,0.017813146
given,4,0.0010764,0.0199769429
gives,4,0.001405575,0.0224564341
giving,3,0.0009709,0.0148551687
glass,0,0.0,0.0
gloss,1,0.000397275,0.0111953307
glossy,0,0.0,0.0
go,5,0.0021225,0.0003100845
goal,1,0.000634725,0.0075923842
god,1,0.000340825,0.0070685758
godby,1,0.000340825,0.0070685758
goddard,1,0.0002516,0.0050698684
goes,3,0.000762325,0.0117742273
going,4,0.0013217,-0.0143462179
gold,0,0.0,0.0
goldberg,1,0.000694575,-0.0047031987
golf,0,0.0,0.0
golfer,0,0.0,0.0
golfers,0,0.0,0.0
gone,2,0.001218525,0.005809858
good,18,0.007253425,-0.005907867
got,2,0.000797725,0.0003091344
gothic,0,0.0,0.0
grable,0,0.0,0.0
grace,1,0.001269425,-0.0240380732
graceful,0,0.0,0.0
grader,1,0.0009688,-0.0139066999
gradual,0,0.0,0.0
graduates,0,0.0,0.0
grand,0,0.0,0.0
granger,0,0.0,0.0
grant,1,0.000141925,0.0003730226
grass,0,0.0,0.0
grassy,0,0.0,0.0
grate,0,0.0,0.0
gratifying,0,0.0,0.0
gratitude,1,0.000330675,0.0051084588
gratuitous,0,0.0,0.0
graveyard,0,0.0,0.0
great,7,0.0031737,0.020308659
greatest,0,0.0,0.0
green,0,0.0,0.0
greens,0,0.0,0.0
greenwood,0,0.0,0.0
grim,0,0.0,0.0
gripping,1,0.000731475,0.0113331821
grips,1,0.0009463,0.0008229131
gritty,1,0.000756425,-0.0055268116
grounding,0,0.0,0.0
group,1,0.001269425,-0.0240380732
grown,1,0.0002285,0.0042506028
guarantee,1,0.000746275,0.0109007462
guardian,1,0.00033575,0.0083780427
guess,1,0.00038345,-0.0052703619
guessed,1,0.000836725,-0.0066973172
guide,1,0.00057645,0.0068953167
gun,0,0.0,0.0
guns,1,0.00072185,-0.0149809273
gut,0,0.0,0.0
guy,3,0.001503875,0.007758711
gymnastic,0,0.0,0.0
habit,0,0.0,0.0
habits,1,0.000337725,-0.0026396717
hackneyed,1,0.000824225,-0.0174492568
hacks,1,0.000397275,0.0111953307
had,11,0.0041325,-0.0283266914
hair,0,0.0,0.0
haircut,0,0.0,0.0
half,1,0.0003961,0.0110631717
halitosis,1,0.00027545,-0.0051781316
hall,2,0.000429225,0.0049783834
hallucinatory,0,0.0,0.0
hammers,1,0.001624175,-0.0365085135
hand,2,0.00073825,-0.0084950501
handed,1,0.00072185,-0.0149809273
handicaps,0,0.0,0.0
hands,1,0.000329075,0.0041157464
hang,0,0.0,0.0
hangout,1,0.000836725,-0.0066973172
happen,0,0.0,0.0
happened,4,0.001572675,-0.0006124663
happening,2,0.001706225,-0.0052596812
happens,3,0.00101285,-0.0010461414
happiness,0,0.0,0.0
happy,1,0.00027545,-0.0051781316
hard,2,0.001237775,-0.0034403103
harmless,1,0.000836725,-0.0066973172
harmon,2,0.002105925,-0.0374291036
harrelson,2,0.000988925,-0.0151850129
harrison,1,0.001269425,-0.0263461994
harrowing,2,0.0006548,0.009073019
harry,0,0.0,0.0
harsh,1,0.000141925,0.0003730226
has,13,0.0052779,0.0591833731
hate,0,0.0,0.0
hatred,0,0.0,0.0
hats,0,0.0,0.0
haunted,2,0.001775675,-0.0259128227
haunting,0,0.0,0.0
have,26,0.0091408,0.0322018533
haven,1,0.000836725,-0.0066973172
having,5,0.00141055,-0.0156464079
hazy,1,0.000756425,-0.0055268116
hbo,0,0.0,0.0
he,18,0.007893025,0.0326369221
head,0,0.0,0.0
heads,0,0.0,0.0
hear,1,0.001041925,0.0009060697
heard,1,0.00033575,0.0083780427
heart,1,0.000306725,-0.0023973745
hearted,1,0.0002516,0.0046803136
heartland,0,0.0,0.0
heat,1,0.00032195,-0.0061786703
heavy,0,0.0,0.0
heck,0,0.0,0.0
held,1,0.000569325,0.0078311832
helicopters,1,0.000141925,0.0003730226
hell,1,0.000746275,0.0109007462
help,3,0.0012425,0.016365181
helped,1,0.000330675,0.0051084588
helps,2,0.0005893,0.0144180568
her,11,0.00486165,-0.0231997147
here,7,0.002347725,0.0188635679
hero,0,0.0,0.0
heroic,0,0.0,0.0
heroism,0,0.0,0.0
herself,0,0.0,0.0
hi,1,0.00028395,0.0007463081
hid,1,0.000634725,-0.0131733591
hides,1,0.000330675,0.0051084588
high,2,0.003070025,0.0187883096
higher,1,0.000726825,-0.0091464746
highly,3,0.000991525,0.0075156637
highway,1,0.000330675,0.0051084588
hilarious,1,0.000306725,-0.0023973745
hill,0,0.0,0.0
hills,0,0.0,0.0
him,6,0.00137265,0.0123312874
himself,9,0.00268595,0.0316867824
hints,2,0.001776725,-0.0091002613
his,21,0.0090918,0.0496370178
historic,0,0.0,0.0
historical,0,0.0,0.0
history,0,0.0,0.0
hit,1,0.000141925,0.0003730226
hitchcock,3,0.001595425,0.0020759718
hitchcockian,2,0.000910875,0.0211780474
hits,1,0.000141925,0.0003730226
hiv,1,0.00033575,0.0083780427
hoax,1,0.0002516,0.0046803136
hobo,1,0.000736325,0.013044399
hokey,1,0.000681775,0.0060557057
hokum,1,0.000836725,-0.0066973172
holes,2,0.001010475,0.0124194719
hollow,3,0.002290125,-0.0300742134
hollywood,2,0.0011094,-0.0056807835
home,2,0.000543875,0.0088628274
homeless,2,0.00125715,0.023820588
homelessness,2,0.001037475,0.0046071591
homes,0,0.0,0.0
homosexual,1,0.00032195,-0.0061786703
homosexuality,1,0.000824225,-0.0174492568
honesty,0,0.0,0.0
hongshen,0,0.0,0.0
hongsheng,0,0.0,0.0
hood,0,0.0,0.0
hoodwink,1,0.0002516,0.0046803136
hope,1,0.0002285,0.0042506028
hopefully,1,0.001624175,-0.0365085135
horrible,3,0.00190285,-0.0390815922
horribly,0,0.0,0.0
horrific,1,0.000340825,0.0070685758
horror,3,0.002990025,-0.0536479767
horse,0,0.0,0.0
horserace,0,0.0,0.0
hospital,2,0.00128795,0.0173471691
host,3,0.00108785,0.0150249233
hot,4,0.003187425,-0.0474281017
hour,5,0.0014761,0.0145554452
hours,2,0.00117165,-0.0162540301
house,2,0.001775675,-0.0259128227
houselessness,1,0.0002516,0.0050698684
how,10,0.004116775,-0.0225539563
howard,2,0.001725575,-0.0233348157
however,8,0.002532525,0.0127847946
howlers,1,0.000337725,-0.0026396717
huge,1,0.0001289,0.0003387889
huh,0,0.0,0.0
human,2,0.0004875,0.0122200668
humble,0,0.0,0.0
humidity,1,0.00032195,-0.0061786703
humility,0,0.0,0.0
humor,1,0.0006167,0.009554904
humorous,0,0.0,0.0
hung,1,0.000694575,-0.0047031987
hungry,0,0.0,0.0
hunted,0,0.0,0.0
hurt,1,0.000337725,-0.0026396717
hushed,1,0.00033575,0.0083780427
hybrid,1,0.000634725,0.0075923842
hypnotic,1,0.00033575,0.0083780427
i,30,0.01921365,-0.0038147442
ice,0,0.0,0.0
iconic,0,0.0,0.0
idea,2,0.00109335,-0.0147415727
idealistic,0,0.0,0.0
idealized,0,0.0,0.0
ideas,1,0.000141925,0.0003730226
identity,1,0.000250175,-0.0047029917
idiots,1,0.000890725,3.0471e-06
idol,0,0.0,0.0
idolized,0,0.0,0.0
if,14,0.00574185,-0.0198300041
ill,1,0.00048,0.0066024993
illicit,1,0.00027545,-0.0051781316
illnesses,1,0.0003903,0.0048814884
images,1,0.00042135,0.0117684105
imaginary,0,0.0,0.0
imagination,1,0.00049975,0.013958142
imagine,0,0.0,0.0
imagines,0,0.0,0.0
imitating,1,0.0010619,-0.0166041122
imitations,1,0.0010619,-0.0166041122
immediacy,0,0.0,0.0
immediately,1,0.0007889,0.0038314257
immersed,1,0.00027545,-0.0051781316
impact,1,0.000569325,0.0078311832
impersonation,1,0.000330675,0.0051084588
implications,0,0.0,0.0
impress,1,0.00049975,0.013958142
impressionable,0,0.0,0.0
impressive,1,0.000890725,3.0471e-06
improvisational,1,0.00027545,-0.0051781316
in,37,0.018058625,-0.0456506238
inability,0,0.0,0.0
inadequacy,1,0.0010935,-0.0163728
incapable,1,0.00032195,-0.0061786703
incessant,0,0.0,0.0
include,1,0.000340825,0.0070685758
included,1,0.000824225,-0.0174492568
including,2,0.0004864,0.0052822323
incredible,1,0.000340825,0.0070685758
incredibly,1,0.000306725,-0.0023973745
incurred,0,0.0,0.0
indebtedness,0,0.0,0.0
independence,0,0.0,0.0
indianapolis,0,0.0,0.0
indicates,0,0.0,0.0
indifferently,1,0.000736325,0.013044399
indulgent,1,0.00027545,-0.0051781316
inevitably,1,0.00077775,-0.0056041827
inexplicable,1,0.000824225,-0.0174492568
inferior,0,0.0,0.0
inflation,1,0.0002516,0.0050698684
influence,0,0.0,0.0
information,1,0.0003903,0.0048814884
ing,0,0.0,0.0
ingmar,1,0.0005509,-0.0103562632
initially,1,0.000330675,0.0051084588
inkling,0,0.0,0.0
inmates,0,0.0,0.0
inn,1,0.000890725,3.0471e-06
inner,1,0.0002516,0.0046803136
input,0,0.0,0.0
insane,2,0.00145635,-0.0057352626
inside,2,0.0008775,-0.0155094487
insight,1,0.00027545,-0.0051781316
insightful,1,0.0007889,0.0038314257
insistence,1,0.00027545,-0.0051781316
insomnia,1,0.000340825,0.0070685758
inspect,1,0.000634725,0.0075923842
inspector,1,0.0007889,0.0038314257
inspirational,0,0.0,0.0
inspire,1,0.0002516,0.0050698684
inspired,2,0.001300675,0.0128821136
inst,0,0.0,0.0
instead,5,0.001696725,-0.0039090557
institute,0,0.0,0.0
integrity,0,0.0,0.0
intellectual,1,0.000337725,-0.0026396717
intelligentsia,1,0.00027545,-0.0051781316
intense,1,0.000731475,0.0113331821
intensity,1,0.000824225,-0.0174492568
intentionally,1,0.00027545,-0.0051781316
intentions,1,0.000862775,0.0063526048
intercessor,0,0.0,0.0
interest,1,0.001269425,-0.0263461994
interesting,5,0.0056495,-0.0182696681
interior,1,0.000141925,0.0003730226
interiors,2,0.001363875,-0.0189015698
interminable,1,0.00027545,-0.0051781316
intermittent,0,0.0,0.0
international,1,0.0006102,-0.0049359133
intimidated,0,0.0,0.0
into,10,0.002776325,0.0039649774
intonations,1,0.000337725,-0.0026396717
intoned,1,0.000337725,-0.0026396717
intrigued,1,0.0002516,0.0046803136
intriguing,2,0.001461375,0.0156698152
introduced,1,0.000397275,0.0111953307
introspective,1,0.00027545,-0.0051781316
invade,1,0.000736325,0.013044399
inventory,0,0.0,0.0
investigating,1,0.0002516,0.0046803136
investigation,1,0.000800275,-0.0100707804
involved,3,0.001014425,-0.0097783508
involves,0,0.0,0.0
iraq,2,0.000576775,-0.0001825044
irish,0,0.0,0.0
irrational,0,0.0,0.0
irrevocably,1,0.000397275,0.0111953307
irritating,0,0.0,0.0
is,34,0.021837775,-0.0310114372
island,1,0.000141925,0.0003730226
isn,4,0.0019433,0.0193856394
isolated,1,0.000141925,0.0003730226
isolation,1,0.0003903,0.0048814884
issue,1,0.0002516,0.0050698684
issues,1,0.0003608,0.0101674541
it,38,0.019023825,0.0214480638
italian,1,0.0002924,-0.0056115645
italians,1,0.000890725,3.0471e-06
its,4,0.00325055,-0.0076855915
itself,1,0.000664325,0.0102927868
jack,1,0.0001289,0.0003387889
jacked,1,0.000141925,0.0003730226
jacking,1,0.000141925,0.0003730226
jake,0,0.0,0.0
james,1,0.00028395,0.0007463081
jameson,1,0.000141925,0.0003730226
japanese,0,0.0,0.0
jeans,0,0.0,0.0
jeffery,1,0.0002516,0.0050698684
jeffrey,1,0.000736325,0.013044399
jerry,1,0.000141925,0.0003730226
jess,5,0.0015799,0.0341384588
jesus,0,0.0,0.0
jetliner,1,0.000141925,0.0003730226
jettisons,1,0.00027545,-0.0051781316
jia,0,0.0,0.0
jinxed,1,0.000141925,0.0003730226
job,5,0.002168375,0.0153228527
joe,4,0.0008833,0.0119226295
john,2,0.0005412,0.0080617381
johnson,1,0.000681775,0.0141397441
jokes,1,0.000890725,3.0471e-06
jon,1,0.000694575,-0.0047031987
josh,0,0.0,0.0
journey,0,0.0,0.0
judge,1,0.00070635,-0.0050897004
judgement,0,0.0,0.0
judges,0,0.0,0.0
judy,1,0.000694575,-0.0047031987
julie,1,0.000141925,0.0003730226
jump,2,0.001283525,0.0157926849
jumped,1,0.00038345,-0.0052703619
junkie,0,0.0,0.0
just,14,0.0057294,-0.0149065518
kane,1,0.000890725,3.0471e-06
kathleen,1,0.000141925,0.0003730226
keep,2,0.0010935,-0.0013740115
keeper,1,0.000634725,0.0075923842
keeps,2,0.000433825,0.0079476487
kennedy,1,0.00028395,0.0007463081
kenneth,1,0.000337725,-0.0026396717
kept,2,0.000973675,0.0099333226
kevin,0,0.0,0.0
key,1,0.000503175,0.0093601621
kicked,1,0.002538975,-0.0480785133
kid,2,0.001714725,-0.0198917872
kids,1,0.0002516,0.0050698684
kill,1,0.0002516,0.0050698684
killed,1,0.0002516,0.0050698684
killer,1,0.000340825,0.0070685758
killing,0,0.0,0.0
kind,3,0.00164225,0.0036433645
king,1,0.000890725,3.0471e-06
kirkland,1,0.0009688,-0.0139066999
kites,0,0.0,0.0
knack,0,0.0,0.0
knew,1,0.0007165,0.0034798029
knock,1,0.000141925,0.0003730226
know,8,0.002592725,-0.0130330683
knowledge,1,0.000354475,0.0044334246
known,1,0.000141925,0.0003730226
knows,0,0.0,0.0
kristin,4,0.00171545,-0.0333456855
kutcher,0,0.0,0.0
labeouf,0,0.0,0.0
laboeuf,0,0.0,0.0
lack,2,0.00083525,-0.0047509115
lacked,1,0.00077775,-0.0056041827
lacking,1,0.0001289,0.0003387889
lacks,1,0.000800275,-0.0100707804
lady,1,0.000736325,0.013044399
lame,0,0.0,0.0
land,2,0.000429225,0.0049783834
landscapes,0,0.0,0.0
language,1,0.000250175,-0.0047029917
languages,1,0.00032195,-0.0061786703
lanky,0,0.0,0.0
lapse,1,0.001314825,-0.000936568
lard,0,0.0,0.0
larry,1,0.000736325,0.013044399
last,2,0.000945775,0.0136706504
late,2,0.000854525,0.0001566657
lately,2,0.001283525,0.0231347501
later,2,0.000851275,0.0082466342
latest,1,0.0002516,0.0046803136
latin,0,0.0,0.0
latter,0,0.0,0.0
laugh,1,0.000337725,-0.0026396717
laughs,1,0.000694575,-0.0047031987
laughter,0,0.0,0.0
lauren,3,0.00128965,-0.0243645608
law,2,0.0020293,-0.0376405062
lawyer,1,0.00147255,0.0260870265
lawyers,1,0.000736325,0.013044399
lay,1,0.001041925,0.0009060697
layout,0,0.0,0.0
lead,2,0.00203715,0.0030415832
leaden,0,0.0,0.0
leading,2,0.001773625,-1.28474e-05
leads,1,0.00032195,-0.0061786703
leaking,1,0.000141925,0.0003730226
lean,1,0.00033575,0.0083780427
learn,1,0.0007486,-0.0158482376
learning,0,0.0,0.0
least,2,0.00095395,0.0106372833
leave,2,0.000692125,0.0105484911
leaves,2,0.000614475,0.0140288045
lebouf,0,0.0,0.0
led,0,0.0,0.0
lee,1,0.00028395,0.0007463081
left,3,0.001239175,0.0034375647
leg,2,0.000528825,0.0092439861
legs,1,0.00066875,0.0118472711
lemmon,1,0.000141925,0.0003730226
lennon,0,0.0,0.0
lesbian,0,0.0,0.0
lesley,2,0.00089725,0.0164516627
leslie,1,0.0009127,0.0103090329
less,3,0.002143575,0.0013444242
lesson,1,0.0002516,0.0050698684
lest,0,0.0,0.0
let,3,0.001633425,-0.0213972307
lethargic,1,0.00028395,0.0007463081
lets,1,0.000397275,0.0111953307
level,1,0.0009688,-0.0139066999
liar,0,0.0,0.0
liberties,0,0.0,0.0
lies,0,0.0,0.0
life,8,0.002484125,0.0139827896
lifestyles,1,0.0003903,0.0048814884
lifted,1,0.000337725,-0.0026396717
light,1,0.000337725,-0.0026396717
lights,1,0.001041925,0.0009060697
like,19,0.006460675,0.0116912673
liked,6,0.00495655,-0.0209437021
likely,1,0.00038345,-0.0052703619
likewise,0,0.0,0.0
lily,2,0.000640675,-0.0103984605
limousine,0,0.0,0.0
line,3,0.00131145,-0.0116606433
lines,2,0.000599125,-0.008008939
lip,1,0.000800275,-0.0100707804
lipstick,0,0.0,0.0
lisa,1,0.0002516,0.0046803136
listen,1,0.0002516,0.0046803136
listener,6,0.00296465,0.054766518
listing,0,0.0,0.0
listner,1,0.0003903,0.0048814884
literally,2,0.001351325,0.0052732282
little,9,0.002971375,0.0255381156
live,1,0.000503175,0.0101392331
lived,1,0.00027545,-0.0051781316
lives,2,0.00056715,0.0050727355
living,0,0.0,0.0
ll,3,0.0010111,-0.0023268305
load,1,0.00032195,-0.0061786703
loaded,1,0.000141925,0.0003730226
loathing,0,0.0,0.0
locate,1,0.000634725,0.0075923842
location,0,0.0,0.0
locations,0,0.0,0.0
locked,0,0.0,0.0
logand,4,0.001036925,0.0182670617
logic,1,0.000569325,0.0078311832
london,0,0.0,0.0
lonely,1,0.000304925,0.0076088598
long,2,0.001543125,-0.0262192288
longer,3,0.000687925,0.0108047156
look,2,0.00092665,0.0125251117
looked,1,0.000340825,0.0070685758
looking,4,0.002184375,-0.0003022681
looks,2,0.0006187,0.0108452947
looms,1,0.00027545,-0.0051781316
loooonnnnng,1,0.00072185,-0.0149809273
loop,1,0.00033575,0.0083780427
lose,1,0.000330675,0.0051084588
loses,1,0.000141925,0.0003730226
losing,2,0.000811475,0.0136422079
loss,0,0.0,0.0
lost,3,0.000715775,-0.0053001511
lot,2,0.000533775,0.004547893
lots,1,0.000141925,0.0003730226
loud,1,0.000337725,-0.0026396717
lounge,1,0.000890725,3.0471e-06
lovable,1,0.000890725,3.0471e-06
love,7,0.003212875,0.0058197495
loved,2,0.0008018,0.0148089578
lover,2,0.000811475,0.0129346301
loves,1,0.000397275,0.0111953307
low,2,0.000747525,0.0034478934
lowest,0,0.0,0.0
luchino,0,0.0,0.0
lumbers,0,0.0,0.0
lurid,0,0.0,0.0
lurking,1,0.000862775,0.0063526048
lust,0,0.0,0.0
luxuries,1,0.000503175,0.0101392331
luxury,1,0.00028395,0.0007463081
lying,1,0.00072185,-0.0149809273
m,4,0.001927525,-0.0022327591
machine,1,0.000330675,0.0051084588
mad,1,0.000736325,0.013044399
made,8,0.002560175,0.0162328538
magazine,1,0.00032195,-0.0061786703
magic,0,0.0,0.0
main,0,0.0,0.0
mainly,0,0.0,0.0
maintaining,0,0.0,0.0
majority,0,0.0,0.0
make,11,0.003489825,-0.0229775019
makers,1,0.000141925,0.0003730226
makes,7,0.002461975,0.0228147423
making,3,0.001279175,-0.0026903632
male,2,0.0010751,-0.0139333706
malevolent,1,0.000736325,0.013044399
man,8,0.0028465,-0.0090670271
managed,1,0.00032195,-0.0061786703
manhattan,0,0.0,0.0
manifested,0,0.0,0.0
mannequins,0,0.0,0.0
manner,0,0.0,0.0
mannered,1,0.000862775,0.0063526048
manual,0,0.0,0.0
manuscript,2,0.000582975,0.0086840273
many,10,0.004096775,0.0114251582
map,0,0.0,0.0
markham,1,0.000141925,0.0003730226
marriage,1,0.001624175,-0.0365085135
martyr,0,0.0,0.0
martyrs,1,0.00027545,-0.0051781316
marvelous,0,0.0,0.0
mary,1,0.000306725,-0.0023973745
material,0,0.0,0.0
matter,2,0.00076655,0.015628728
maturity,0,0.0,0.0
maupin,4,0.001308475,0.0299094694
maupins,1,0.000397275,0.0111953307
maureen,1,0.00072185,-0.0149809273
may,6,0.001928225,0.0122436895
maybe,7,0.00325295,-0.010927861
me,8,0.003602225,0.0066871412
meager,0,0.0,0.0
mean,1,0.000687,-0.0050195586
meaning,2,0.00076735,-0.0154717705
means,1,0.0001289,0.0003387889
medical,1,0.0003903,0.0048814884
medicine,0,0.0,0.0
mediocre,3,0.0022734,-0.0152660794
meditative,0,0.0,0.0
meet,3,0.00156545,-0.0092568337
meeting,1,0.000569325,0.0078311832
meets,1,0.0002516,0.0050698684
meh,0,0.0,0.0
mel,3,0.0019447,0.0172424947
melodrama,1,0.000337725,-0.0026396717
members,1,0.000890725,3.0471e-06
memorable,1,0.000569325,0.0078311832
men,1,0.0006747,-0.0084905258
mental,2,0.00060785,0.008422424
mention,0,0.0,0.0
mere,0,0.0,0.0
merely,1,0.00070635,-0.0050897004
mess,2,0.00204405,-0.0392710346
message,1,0.00027545,-0.0051781316
messed,0,0.0,0.0
met,1,0.000569325,0.0078311832
metal,0,0.0,0.0
metaphorically,0,0.0,0.0
method,1,0.00027545,-0.0051781316
michael,1,0.000141925,0.0003730226
mid,2,0.000510825,-0.004579808
middle,2,0.0004044,-0.00191114
might,4,0.001554,0.0063109623
mild,1,0.0007836,0.00576964
miles,1,0.000141925,0.0003730226
millionaire,1,0.000736325,0.013044399
min,1,0.00033575,0.0083780427
mind,3,0.0010631,0.0055592842
mindless,1,0.0006102,-0.0049359133
mine,0,0.0,0.0
minor,1,0.00049975,0.013958142
minutes,6,0.0031943,-0.0086079968
miracle,0,0.0,0.0
miranda,0,0.0,0.0
miscalculated,1,0.00077775,-0.0056041827
miserably,0,0.0,0.0
miss,2,0.000982275,-0.0087523855
missed,1,0.000141925,0.0003730226
mistake,1,0.000141925,0.0003730226
mixed,1,0.000634725,0.0075923842
mob,1,0.0009688,-0.0139066999
model,1,0.000141925,0.0003730226
modern,1,0.0003903,0.0048814884
molly,1,0.000503175,0.0101392331
mom,1,0.00049975,0.013958142
moment,1,0.0006192,0.005499898
moments,3,0.00130565,0.0101359714
money,1,0.000457,0.0092087833
monitor,1,0.0002516,0.0050698684
monopoly,1,0.0002516,0.0050698684
monotonous,1,0.00032195,-0.0061786703
monster,1,0.001269425,-0.0240380732
montage,0,0.0,0.0
monte,1,0.000141925,0.0003730226
month,1,0.0002516,0.0050698684
mood,1,0.00033575,0.0083780427
mop,0,0.0,0.0
more,17,0.004462825,0.0238359001
moritz,1,0.00032195,-0.0061786703
moronic,0,0.0,0.0
morris,1,0.0002516,0.0050698684
morton,3,0.001032075,0.0163139424
mortuary,0,0.0,0.0
mosquito,0,0.0,0.0
most,9,0.003638975,-0.0119139044
mostly,2,0.00140975,-0.018160507
mother,4,0.00206765,-0.0146599657
motivational,0,0.0,0.0
motives,1,0.0002516,0.0046803136
mount,1,0.000141925,0.0003730226
mouthed,1,0.000836725,-0.0066973172
mouths,0,0.0,0.0
move,2,0.00054705,0.0137127157
moved,1,0.00028735,0.0059595255
moves,1,0.000283075,0.007063632
movie,27,0.016066075,-0.0515864511
movies,8,0.00372415,0.0044237242
moving,0,0.0,0.0
mr,2,0.00056185,0.0113703096
ms,1,0.000661325,0.0102165315
much,14,0.006376625,0.0145359374
multiple,0,0.0,0.0
murals,0,0.0,0.0
murder,4,0.002657325,-0.0452299687
museum,1,0.000141925,0.0003730226
music,1,0.00020695,-0.0038904133
musical,0,0.0,0.0
musician,0,0.0,0.0
musing,0,0.0,0.0
mussolini,0,0.0,0.0
must,5,0.003302375,-0.0219367332
mustachioed,0,0.0,0.0
mute,0,0.0,0.0
muted,1,0.00027545,-0.0051781316
mutilating,0,0.0,0.0
mutual,1,0.0002516,0.0050698684
my,13,0.00526425,-0.0122249728
myself,0,0.0,0.0
mysterious,1,0.0003903,0.0048814884
mystery,4,0.001648375,0.0188105902
n,1,0.0005542,-0.0044829288
naked,1,0.000756425,-0.0055268116
name,1,0.0002516,0.0050698684
named,3,0.00148975,0.0319218043
namely,1,0.00033575,0.0083780427
names,1,0.000634725,-0.0131733591
nap,1,0.000756425,-0.0055268116
narration,1,0.00033575,0.0083780427
narrative,1,0.0009688,-0.0139066999
naturally,2,0.000761925,0.0161100653
nature,3,0.0011036,0.004720275
navigator,1,0.000141925,0.0003730226
navy,1,0.000141925,0.0003730226
nc,1,0.000756425,-0.0055268116
near,3,0.000969525,-0.0003992452
neatly,0,0.0,0.0
necessarily,1,0.000141925,0.0003730226
necessary,1,0.0002285,0.0046043916
necking,1,0.0006102,-0.0049359133
need,1,0.000232225,-0.0043655531
needed,2,0.001944725,0.0059098736
needle,0,0.0,0.0
needs,2,0.000903875,0.0092212719
negligible,0,0.0,0.0
neither,1,0.000746275,0.0109007462
nell,1,0.000337725,-0.0026396717
netherworld,1,0.0006102,-0.0049359133
neurotic,1,0.000337725,-0.0026396717
never,8,0.003286075,0.0110711035
nevertheless,1,0.0010935,-0.0163728
new,7,0.0020954,0.0209803789
news,1,0.000634725,0.0075923842
next,2,0.000805275,0.0044218873
nice,4,0.00272865,0.0024936757
nickname,1,0.0002516,0.0050698684
nicotine,1,0.00027545,-0.0051781316
night,8,0.003200375,0.0540559319
nightmare,1,0.0003903,0.0048814884
nightmarish,1,0.0002516,0.0046803136
nine,1,0.00049975,0.013958142
nineties,0,0.0,0.0
ninety,0,0.0,0.0
no,16,0.00559345,-0.0074641259
nod,0,0.0,0.0
nominated,2,0.0010159,0.0013302443
non,1,0.000250175,-0.0047029917
none,1,0.00066875,0.0118472711
nonetheless,1,0.000836725,-0.0066973172
noon,1,0.0019513,0.0244049407
nor,1,0.000634725,0.0075923842
norm,1,0.0002516,0.0046803136
nostalgia,1,0.0006102,-0.0049359133
not,26,0.009056975,-0.0069802339
notch,1,0.00033575,0.0083780427
note,0,0.0,0.0
notes,1,0.00049975,0.013958142
noteworthy,1,0.000756425,-0.0055268116
nothing,8,0.0036876,-0.0276120181
notice,1,0.001041925,0.0009060697
noticed,2,0.000700125,0.0160750881
notwithstanding,1,0.0010619,-0.0166041122
nourishment,0,0.0,0.0
novice,1,0.0002516,0.0046803136
now,4,0.001178625,0.0269313298
nowhere,1,0.000759925,-0.0060825943
nt,0,0.0,0.0
nudity,0,0.0,0.0
number,2,0.000892825,0.0145433896
numbers,0,0.0,0.0
nurse,1,0.0002516,0.0046803136
o,0,0.0,0.0
observant,1,0.0002516,0.0050698684
obsession,1,0.000862775,0.0063526048
obstacle,0,0.0,0.0
obvious,1,0.000330675,0.0051084588
obviously,1,0.0005542,-0.0044829288
occasionally,1,0.0003903,0.0048814884
occurs,0,0.0,0.0
ocean,1,0.000141925,0.0003730226
odd,2,0.000806675,0.0102389642
odds,0,0.0,0.0
of,39,0.0258082,-0.0523237147
off,10,0.00391955,-0.0289400329
offer,0,0.0,0.0
offers,1,0.000330675,0.0051084588
official,1,0.000330675,0.0051084588
officially,1,0.000340825,0.0070685758
often,1,0.000736325,0.013044399
oh,8,0.00258895,0.0399359862
oil,1,0.00028395,0.0007463081
old,8,0.0028948,-0.0072501442
on,21,0.006740375,0.0115080776
once,4,0.00223315,-0.0069195887
one,23,0.00941575,-0.0011760525
online,1,0.000340825,0.0070685758
only,15,0.004907175,-0.055339844
ono,0,0.0,0.0
onto,1,0.001041925,0.0009060697
onward,0,0.0,0.0
open,0,0.0,0.0
opened,1,0.00028395,0.0007463081
opening,3,0.001922475,-0.0114692106
openings,1,0.00033575,0.0083780427
opens,1,0.0005542,-0.0044829288
opinion,1,0.0003608,0.0101674541
opportunity,1,0.000141925,0.0003730226
or,18,0.006592725,-0.0005917648
orchestra,1,0.0009688,-0.0139066999
ordained,0,0.0,0.0
ordeals,0,0.0,0.0
order,1,0.0014751,-0.0331575774
ordinarily,1,0.00032195,-0.0061786703
ordinary,0,0.0,0.0
organizations,1,0.000330675,0.0051084588
oriental,0,0.0,0.0
orientated,1,0.000141925,0.0003730226
original,2,0.00070395,0.0089352208
originality,1,0.0010619,-0.0166041122
origins,1,0.000824225,-0.0174492568
oscar,3,0.00122165,-0.0056467065
other,10,0.003026425,0.0035131864
others,1,0.0002285,0.0046043916
otherwise,3,0.001052525,-0.0119291701
ouimet,0,0.0,0.0
ounce,1,0.00032195,-0.0061786703
our,1,0.000314875,0.0088732736
ourselves,2,0.00132525,-0.0049129075
out,21,0.009546525,-0.0855646888
outclass,0,0.0,0.0
outcome,1,0.000746275,0.0109007462
outdated,1,0.00038345,-0.0052703619
outdoors,0,0.0,0.0
outsider,1,0.000824225,-0.0174492568
outstanding,1,0.000824225,-0.0174492568
outstretching,0,0.0,0.0
over,7,0.002492775,-0.0008499658
overall,1,0.0007695,0.0086915754
overcome,0,0.0,0.0
overconfident,0,0.0,0.0
overexciting,1,0.0010935,-0.0163728
overkill,1,0.000330675,0.0051084588
overpowering,0,0.0,0.0
own,3,0.0009184,0.0108017592
pace,1,0.000141925,0.0003730226
paced,1,0.001041925,0.0009060697
pacing,2,0.001978675,-0.0077920289
paid,1,0.000694575,-0.0047031987
pain,0,0.0,0.0
painful,2,0.001003875,-0.0183929027
painfully,2,0.0013713,-0.0215857753
paintings,1,0.000141925,0.0003730226
paired,0,0.0,0.0
pals,1,0.0002516,0.0050698684
pant,1,0.00032195,-0.0061786703
paper,1,0.000337725,-0.0026396717
parade,1,0.00027545,-0.0051781316
paranoia,1,0.0002516,0.0046803136
parent,0,0.0,0.0
parents,3,0.0009594,0.002181305
park,0,0.0,0.0
parody,1,0.000337725,-0.0026396717
parrot,1,0.000836725,-0.0066973172
part,3,0.00128615,0.0063252126
participate,0,0.0,0.0
particularity,0,0.0,0.0
particularly,1,0.00033575,0.0083780427
partisans,0,0.0,0.0
partner,1,0.00033575,0.0083780427
parts,2,0.001765525,0.0074285515
party,1,0.0006102,-0.0049359133
passengers,1,0.000141925,0.0003730226
passivity,0,0.0,0.0
past,2,0.000505425,0.0045207033
pataki,1,0.000141925,0.0003730226
patches,0,0.0,0.0
pathetic,1,0.0007889,0.0038314257
pathos,1,0.00027545,-0.0051781316
patrick,4,0.00130455,0.0273203623
patroni,1,0.00028395,0.0007463081
patterns,0,0.0,0.0
paul,2,0.001445325,-0.0274435715
paxton,0,0.0,0.0
pay,1,0.000836725,-0.0066973172
pays,1,0.0002516,0.0046803136
peasant,0,0.0,0.0
peasants,0,0.0,0.0
pencil,1,0.000337725,-0.0026396717
penned,1,0.0002516,0.0046803136
people,7,0.004015,-0.023587824
pepto,2,0.00089725,0.0164516627
per,1,0.000634725,0.0075923842
perennial,0,0.0,0.0
perfect,2,0.000895475,0.0138615816
performance,6,0.003197025,0.015507061
performances,5,0.001496875,0.0039951314
performing,1,0.000634725,0.0075923842
perhaps,2,0.000579475,0.0094713312
period,2,0.0003826,0.0058979047
perky,0,0.0,0.0
permanent,1,0.000569325,0.0078311832
perpetual,1,0.00027545,-0.0051781316
person,3,0.001778125,0.0266685989
personal,1,0.000304925,0.0076088598
personality,1,0.000503175,0.0093601621
personally,1,0.00033575,0.0083780427
personnel,1,0.000397275,0.0111953307
perspective,1,0.000634725,0.0075923842
perspectives,0,0.0,0.0
pete,3,0.001976325,0.0412774913
peter,1,0.0003903,0.0048814884
pettiness,1,0.0007889,0.0038314257
phenomenon,1,0.0003903,0.0048814884
philip,1,0.000141925,0.0003730226
phone,1,0.000731475,0.0113331821
phones,0,0.0,0.0
phony,0,0.0,0.0
photo,2,0.00067035,0.0165873988
photographed,0,0.0,0.0
photographic,1,0.00072185,-0.0149809273
photography,1,0.001314825,-0.000936568
physical,2,0.000528825,0.0088901972
physicality,0,0.0,0.0
physically,1,0.000340825,0.0070685758
pick,2,0.000814575,-0.0143974339
picking,0,0.0,0.0
picnics,0,0.0,0.0
picture,1,0.000694925,-0.0147119109
pictures,2,0.000503325,-0.0001593118
piece,3,0.0009509,0.0043745228
pieces,1,0.000141925,0.0003730226
pig,1,0.0009688,-0.0139066999
pilot,1,0.000141925,0.0003730226
pipes,0,0.0,0.0
pistol,0,0.0,0.0
pithy,0,0.0,0.0
pity,1,0.0007165,0.0034798029
pizza,0,0.0,0.0
place,2,0.001237275,-0.0086268665
plain,2,0.001303275,-0.021110369
plan,2,0.0003574,0.0049431806
plane,1,0.00099365,0.0026116183
planned,1,0.000141925,0.0003730226
planning,1,0.000330675,0.0051084588
planted,1,0.0002516,0.0046803136
platforms,0,0.0,0.0
platitudes,1,0.00027545,-0.0051781316
play,3,0.0009605,-0.00077489
played,5,0.00215325,-0.007131467
players,1,0.0003608,0.0101674541
playing,0,0.0,0.0
plays,4,0.001375975,0.003714253
please,1,0.000397275,0.0111953307
pleased,0,0.0,0.0
pleasures,0,0.0,0.0
plenty,1,0.000141925,0.0003730226
plot,11,0.005938,-0.0444155486
plots,0,0.0,0.0
plus,1,0.000746275,0.0109007462
pochath,0,0.0,0.0
poem,1,0.000675475,-0.0052795388
poignant,0,0.0,0.0
point,3,0.00109135,-0.0187480708
pointless,0,0.0,0.0
points,1,0.000664325,0.0102927868
policy,0,0.0,0.0
polite,1,0.000337725,-0.0026396717
pomp,1,0.0007889,0.0038314257
ponderous,1,0.00027545,-0.0051781316
pool,0,0.0,0.0
poor,3,0.001205875,-0.0142512933
pop,1,0.0003903,0.0048814884
popsicle,1,0.00032195,-0.0061786703
popular,3,0.0007318,0.0114938554
portray,0,0.0,0.0
portrayal,2,0.001300675,0.0128821136
portrayed,2,0.0015037,0.0055693351
pose,0,0.0,0.0
poseidon,1,0.000141925,0.0003730226
positioning,0,0.0,0.0
positive,1,0.0014751,-0.0331575774
possibly,2,0.000528825,0.0088901972
poster,0,0.0,0.0
pot,1,0.0002516,0.0046803136
potentially,1,0.000694575,-0.0047031987
power,1,0.0010935,-0.0163728
powerful,1,0.000800275,-0.0100707804
practically,0,0.0,0.0
pre,1,0.0005542,-0.0044829288
predecessors,1,0.000141925,0.0003730226
predictable,5,0.002520875,0.00175485
preferring,1,0.000141925,0.0003730226
prejudices,0,0.0,0.0
premise,3,0.0015916,0.0158725861
preparation,1,0.000141925,0.0003730226
prepared,2,0.000570425,0.0130231575
presence,1,0.0003608,0.0101674541
pressed,0,0.0,0.0
pressure,0,0.0,0.0
pressures,1,0.0006102,-0.0049359133
pressuring,1,0.0002516,0.0050698684
presume,0,0.0,0.0
pretend,1,0.00027545,-0.0051781316
pretense,0,0.0,0.0
pretensions,1,0.0010619,-0.0166041122
pretentious,2,0.001214625,-0.0197833533
pretty,4,0.001658825,-0.0083001558
prevents,0,0.0,0.0
preview,1,0.0007836,0.00576964
previews,1,0.00049975,0.013958142
previous,1,0.000681775,0.0060557057
price,1,0.0009127,0.0103090329
pride,1,0.0001289,0.0003387889
princess,1,0.00077775,-0.0056041827
prior,1,0.0002285,0.0046043916
prisons,1,0.00038345,-0.0052703619
private,1,0.000766925,-0.0105410673
probably,8,0.003979525,0.0231511576
problem,0,0.0,0.0
problems,2,0.0007481,0.005838687
proceedings,0,0.0,0.0
process,1,0.00032195,-0.0061786703
producers,1,0.000634725,-0.0131733591
produces,1,0.001624175,-0.0365085135
production,2,0.0009668,0.0059850568
profession,1,0.0007165,0.0034798029
professionalism,0,0.0,0.0
profound,0,0.0,0.0
programs,1,0.0007889,0.0038314257
project,1,0.0002516,0.0050698684
projects,0,0.0,0.0
promising,0,0.0,0.0
promoting,1,0.00027545,-0.0051781316
prompts,1,0.000569325,0.0078311832
pronounced,1,0.00027545,-0.0051781316
propel,0,0.0,0.0
properly,2,0.0004213,-0.0052727756
prose,1,0.00027545,-0.0051781316
prove,1,0.0003903,0.0048814884
proven,0,0.0,0.0
provoking,0,0.0,0.0
prozac,1,0.00027545,-0.0051781316
psychiatrists,1,0.0003903,0.0048814884
psycho,1,0.000330675,0.0051084588
psychological,2,0.0006987,-0.0041593431
psychologists,1,0.0003903,0.0048814884
public,1,0.000141925,0.0003730226
pull,1,0.000890725,3.0471e-06
punched,1,0.00049975,0.013958142
punctuate,0,0.0,0.0
pure,2,0.0011144,-0.0016491698
pursue,0,0.0,0.0
put,2,0.001370675,0.0052030864
puts,0,0.0,0.0
putting,1,0.0009688,-0.0139066999
pyschosis,1,0.0003903,0.0048814884
q,1,0.00038345,-0.0052703619
qualities,0,0.0,0.0
quality,1,0.000397275,0.0111953307
quentin,1,0.000836725,-0.0066973172
quest,1,0.00027545,-0.0051781316
question,1,0.000330675,0.0051084588
questions,1,0.000300325,0.0046395945
quibble,1,0.00049975,0.013958142
quick,2,0.000657825,0.0016330487
quickly,0,0.0,0.0
quietly,1,0.000337725,-0.0026396717
quinlan,1,0.000141925,0.0003730226
quirky,1,0.00057645,0.0068953167
quit,0,0.0,0.0
quite,2,0.000806975,0.0078173628
quitting,0,0.0,0.0
quotations,1,0.000337725,-0.0026396717
r,2,0.000923225,-0.0098830907
rabid,0,0.0,0.0
race,1,0.0012204,-0.0098718266
racing,1,0.0006102,-0.0049359133
racism,1,0.0002516,0.0050698684
rack,1,0.00032195,-0.0061786703
radio,4,0.0012261,0.0204254125
rage,0,0.0,0.0
rain,0,0.0,0.0
raises,1,0.000569325,0.0078311832
ran,1,0.0007889,0.0038314257
ranchers,0,0.0,0.0
randall,0,0.0,0.0
rang,1,0.00038345,-0.0052703619
range,0,0.0,0.0
rap,1,0.000824225,-0.0174492568
rapper,0,0.0,0.0
rappers,0,0.0,0.0
rare,0,0.0,0.0
rarely,1,0.000337725,-0.0026396717
rate,0,0.0,0.0
rated,1,0.0009127,0.0103090329
rates,1,0.000634725,0.0075923842
rather,3,0.000774675,0.0179988418
rating,1,0.000694575,-0.0047031987
rattle,1,0.0002516,0.0046803136
razzie,1,0.000141925,0.0003730226
re,3,0.00058855,0.0034312935
reach,1,0.000330675,0.0051084588
reached,1,0.001363525,0.0121111894
reaches,1,0.0003903,0.0048814884
reaching,1,0.0002516,0.0050698684
read,6,0.002037425,0.0319352011
readily,0,0.0,0.0
reading,2,0.00060785,0.008422424
reads,1,0.0002516,0.0046803136
real,5,0.0010717,0.0094364602
realistic,2,0.003174725,-0.0137961285
reality,3,0.00145205,0.0122818088
realize,0,0.0,0.0
realized,0,0.0,0.0
really,5,0.00229735,-0.0271483848
realm,1,0.0003903,0.0048814884
reason,3,0.00131515,-0.0221616471
reasons,1,0.000141925,0.0003730226
recalled,1,0.0007889,0.0038314257
recede,0,0.0,0.0
recent,1,0.000634725,0.0075923842
recently,1,0.000250175,-0.0047029917
recipe,0,0.0,0.0
reckon,1,0.00028395,0.0007463081
recognizable,0,0.0,0.0
recognized,1,0.00038345,-0.0052703619
recognizes,0,0.0,0.0
recommend,3,0.001172275,0.0065330336
recommended,1,0.000517075,0.0071124736
recounting,0,0.0,0.0
recreational,0,0.0,0.0
red,1,0.0006556,-0.0136060067
redecorated,0,0.0,0.0
redeem,1,0.00032195,-0.0061786703
reek,0,0.0,0.0
reference,1,0.000337725,-0.0026396717
reflect,0,0.0,0.0
reflection,1,0.001648375,-0.0307628482
refreshing,1,0.000453875,0.0126768419
refusal,0,0.0,0.0
refusing,0,0.0,0.0
regarding,0,0.0,0.0
regional,0,0.0,0.0
regrettably,1,0.000824225,-0.0174492568
rehab,0,0.0,0.0
rejection,0,0.0,0.0
relate,2,0.001447925,0.0160624268
related,1,0.0010935,-0.0163728
relationship,1,0.000330675,0.0051084588
relationships,1,0.000630825,-0.0042715262
release,2,0.000763425,0.0190967865
released,0,0.0,0.0
relevance,1,0.00027545,-0.0051781316
relief,1,0.00027545,-0.0051781316
reluctant,0,0.0,0.0
remake,0,0.0,0.0
remedy,1,0.0003903,0.0048814884
remember,0,0.0,0.0
remind,2,0.000966675,-0.0012231888
reminded,1,0.000397275,0.0111953307
reminding,1,0.000337725,-0.0026396717
reminiscent,0,0.0,0.0
rent,4,0.003398875,-0.0370720392
repeated,0,0.0,0.0
repeatedly,1,0.0007889,0.0038314257
repeats,0,0.0,0.0
repetitive,1,0.0002516,0.0046803136
rephrase,1,0.000836725,-0.0066973172
replace,0,0.0,0.0
replacement,0,0.0,0.0
replaces,0,0.0,0.0
replies,0,0.0,0.0
report,1,0.000634725,0.0075923842
reports,1,0.000340825,0.0070685758
request,1,0.000397275,0.0111953307
requisite,0,0.0,0.0
rescue,1,0.0001289,0.0003387889
rescued,1,0.0002516,0.0046803136
resistance,0,0.0,0.0
resolution,1,0.00027545,-0.0051781316
respect,0,0.0,0.0
rest,3,0.002692775,-0.0224183193
restaurant,2,0.001011275,0.0025191594
restraint,1,0.000397275,0.0111953307
result,1,0.00030955,0.0064199447
results,2,0.001781825,-0.0355549519
resurfaced,1,0.000340825,0.0070685758
retrospect,0,0.0,0.0
returns,1,0.000330675,0.0051084588
reveals,1,0.0002516,0.0046803136
revelation,1,0.000300325,0.0046395945
review,1,0.000397275,0.0111953307
reviewed,1,0.000340825,0.0070685758
reviews,2,0.000826625,0.0135324183
reviled,1,0.000890725,3.0471e-06
reworked,1,0.000337725,-0.0026396717
rich,2,0.000756,0.0131372544
ricochet,0,0.0,0.0
rides,0,0.0,0.0
ridiculously,0,0.0,0.0
rig,1,0.00028395,0.0007463081
right,6,0.002126025,0.036283333
rigid,0,0.0,0.0
ring,1,0.000731475,0.0113331821
ripoff,1,0.00072185,-0.0149809273
ripped,1,0.000634725,-0.0131733591
ripping,1,0.0010619,-0.0166041122
rise,1,0.0007486,-0.0158482376
rises,0,0.0,0.0
ritan,0,0.0,0.0
rival,2,0.0007827,0.0001214628
road,0,0.0,0.0
robert,1,0.000141925,0.0003730226
robin,11,0.00533775,0.065165739
rock,1,0.0006102,-0.0049359133
rod,2,0.00265,-0.0497712144
rodding,1,0.000836725,-0.0066973172
role,2,0.00128955,0.0294293621
roles,3,0.0013048,0.0188953253
roll,1,0.0006102,-0.0049359133
rolling,1,0.00032195,-0.0061786703
romance,0,0.0,0.0
romantic,1,0.000616425,-0.0044417336
rome,0,0.0,0.0
room,2,0.000941725,0.0040666218
root,0,0.0,0.0
roots,0,0.0,0.0
rory,6,0.0020368,0.0312214152
rosanna,1,0.000694575,-0.0047031987
rosario,1,0.000756425,-0.0055268116
run,3,0.00061485,0.0113241008
running,1,0.000141925,0.0003730226
runs,2,0.0003574,0.0045893917
rural,0,0.0,0.0
rush,1,0.001041925,0.0009060697
rushed,1,0.000862775,0.0063526048
s,27,0.014715675,-0.0028743925
sack,1,0.0007889,0.0038314257
sacrificed,0,0.0,0.0
sad,1,0.000800275,-0.0100707804
saddles,2,0.00089725,0.0164516627
sadler,0,0.0,0.0
sadlers,0,0.0,0.0
said,5,0.0017161,0.0059364576
sailor,2,0.001057425,0.013967178
sally,1,0.0009688,-0.0139066999
same,2,0.0007731,0.0008177905
sanders,1,0.000736325,0.013044399
sandra,6,0.0021543,0.0352192701
sandwich,1,0.000330675,0.0051084588
sat,1,0.000634725,-0.0131733591
satire,1,0.0007889,0.0038314257
saturday,1,0.000634725,0.0075923842
save,1,0.000634725,-0.0131733591
saving,1,0.001152925,-0.021832007
saw,4,0.00224685,-0.0161400033
say,6,0.00237085,0.0124461506
saying,1,0.000330675,0.0051084588
says,3,0.0012682,-0.0012391954
scarf,0,0.0,0.0
scary,2,0.000973875,0.0167127315
scenario,1,0.0002516,0.0046803136
scene,9,0.00620055,-0.021692478
scenes,9,0.0058149,-0.0052800031
school,3,0.0018297,0.0166944143
schools,1,0.0007889,0.0038314257
schrader,2,0.000640675,-0.0103984605
science,1,0.001269425,-0.0240380732
scoff,0,0.0,0.0
scooby,1,0.0006102,-0.0049359133
scoreboard,0,0.0,0.0
scott,3,0.001501475,-0.0310271532
scraggy,1,0.00033575,0.0083780427
scramble,1,0.0007889,0.0038314257
scrappy,0,0.0,0.0
scratching,1,0.000337725,-0.0026396717
screen,3,0.001505075,0.000552163
screening,1,0.00072185,-0.0149809273
screenplay,4,0.00159235,-0.0038881726
screens,0,0.0,0.0
script,2,0.001151825,-0.0015513133
se,1,0.000634725,0.0075923842
sea,1,0.0001289,0.0003387889
searching,0,0.0,0.0
seasons,1,0.000681775,0.0060557057
seat,1,0.0006192,0.005499898
second,5,0.00237155,-0.0057063702
secret,1,0.000330675,0.0051084588
secrets,2,0.0009827,0.0175090351
secure,0,0.0,0.0
see,12,0.004598025,0.0179778646
seed,1,0.0002516,0.0046803136
seeing,1,0.000569325,0.0078311832
seeks,1,0.0003903,0.0048814884
seem,6,0.00248055,0.0038952478
seemed,6,0.0030989,-0.0206727716
seems,2,0.00058255,0.0067811154
seen,7,0.0034034,-0.0204860515
sees,0,0.0,0.0
self,2,0.000486,-0.0061964079
selling,1,0.000736325,0.013044399
semi,1,0.001314825,-0.000936568
sending,1,0.000141925,0.0003730226
sense,2,0.001091475,-0.0122666941
senseless,0,0.0,0.0
sensitivity,0,0.0,0.0
senso,0,0.0,0.0
sensuousness,0,0.0,0.0
sent,1,0.000330675,0.0051084588
separate,0,0.0,0.0
september,0,0.0,0.0
sequel,1,0.000141925,0.0003730226
sequels,1,0.000141925,0.0003730226
sequence,1,0.000141925,0.0003730226
sequences,0,0.0,0.0
serial,1,0.000340825,0.0070685758
series,1,0.00032195,-0.0061786703
serious,3,0.00094875,0.011328418
seriously,1,0.000726825,-0.0091464746
set,3,0.0005874,0.0001446696
sets,1,0.0002516,0.0050698684
setting,0,0.0,0.0
several,3,0.001658725,-0.0016919651
sew,1,0.00033575,0.0083780427
sex,0,0.0,0.0
sexual,2,0.0006594,0.0120422844
sexuality,1,0.001041925,0.0009060697
sexually,1,0.0002516,0.0046803136
sexy,1,0.000694575,-0.0047031987
shadowy,1,0.00027545,-0.0051781316
shakespeare,1,0.0009688,-0.0139066999
shaking,0,0.0,0.0
shallow,0,0.0,0.0
shame,1,0.00028395,0.0007463081
shared,1,0.00077775,-0.0056041827
she,7,0.003436075,0.0062517755
sheen,2,0.002105925,-0.0374291036
shelter,1,0.0003903,0.0048814884
shia,0,0.0,0.0
shining,1,0.000569325,0.0078311832
ships,1,0.000141925,0.0003730226
shirts,0,0.0,0.0
shocking,2,0.00171995,-0.0240163758
shoot,0,0.0,0.0
shooting,1,0.000340825,0.0070685758
shop,1,0.000337725,-0.0026396717
shopworn,1,0.000337725,-0.0026396717
short,4,0.001553025,0.0074882916
shorter,1,0.00049975,0.013958142
shot,1,0.000694575,-0.0047031987
shots,2,0.00072825,-0.0123161143
should,6,0.002616325,-0.005354231
shouldn,1,0.000141925,0.0003730226
show,4,0.001283925,0.0211151286
showing,0,0.0,0.0
shown,0,0.0,0.0
shows,2,0.0010661,-0.0089589482
shrugs,1,0.000736325,0.013044399
shuffling,1,0.00027545,-0.0051781316
shut,1,0.0007486,-0.0158482376
sick,1,0.000634725,0.0075923842
side,1,0.0002285,0.0046043916
sidewalk,1,0.0002516,0.0050698684
sign,0,0.0,0.0
signalling,0,0.0,0.0
signs,0,0.0,0.0
silence,1,0.000569325,0.0078311832
silly,1,0.000141925,0.0003730226
simply,1,0.00027545,-0.0051781316
sin,1,0.0006102,-0.0049359133
since,4,0.001147425,-0.0008963678
singers,2,0.001688875,-0.0126278119
single,0,0.0,0.0
sinking,2,0.00070535,-0.0116251055
sinks,1,0.00028395,0.0007463081
sir,1,0.000141925,0.0003730226
sired,1,0.001648375,-0.0307628482
sissy,1,0.0002516,0.0050698684
sister,0,0.0,0.0
sit,2,0.0008159,-0.0046807697
sitcom,1,0.0010935,-0.0163728
site,1,0.0006208,0.0109978106
sitting,1,0.00072185,-0.0149809273
situation,1,0.0007889,0.0038314257
skills,1,0.00077775,-0.0056041827
skitzoid,0,0.0,0.0
sky,0,0.0,0.0
slap,1,0.000250175,-0.0047029917
slapstick,2,0.001057425,0.013967178
sleeping,1,0.000141925,0.0003730226
sleepwalk,1,0.000694575,-0.0047031987
sleepwalking,1,0.00032195,-0.0061786703
slick,0,0.0,0.0
slighter,1,0.000330675,0.0051084588
slightly,1,0.000141925,0.0003730226
slips,0,0.0,0.0
slow,6,0.00336215,-0.0202524625
slowly,0,0.0,0.0
sluggish,1,0.000141925,0.0003730226
small,1,0.000304925,0.0076088598
smallest,1,0.000397275,0.0111953307
smash,1,0.000141925,0.0003730226
smashes,0,0.0,0.0
smoochy,1,0.000340825,0.0070685758
sneak,0,0.0,0.0
snobbery,1,0.0010619,-0.0166041122
so,12,0.0051404,0.0031183741
soaked,0,0.0,0.0
soap,0,0.0,0.0
social,2,0.000946125,-0.0136995507
society,1,0.000808975,2.7674e-06
sociopathic,1,0.000340825,0.0070685758
soft,0,0.0,0.0
soften,0,0.0,0.0
softly,0,0.0,0.0
sold,0,0.0,0.0
solemnly,1,0.000337725,-0.0026396717
solitude,0,0.0,0.0
somber,1,0.000569325,0.0078311832
sombre,1,0.00072185,-0.0149809273
some,16,0.0062582,0.0190182209
somehow,0,0.0,0.0
someone,2,0.001101375,-0.0056087971
something,7,0.003401925,0.01188626
sometimes,1,0.000921925,-0.0138038351
somewhat,1,0.000629175,0.0091902811
somewhere,0,0.0,0.0
son,1,0.000112475,0.000295619
songs,0,0.0,0.0
sontag,1,0.000337725,-0.0026396717
soon,1,0.000354475,0.0044334246
sord,0,0.0,0.0
sorry,1,0.00072185,-0.0149809273
sort,2,0.00043845,0.0067587336
sound,1,0.00072185,-0.0149809273
sounding,0,0.0,0.0
soundly,1,0.000731475,0.0113331821
soundtrack,0,0.0,0.0
south,1,0.00032195,-0.0061786703
southern,1,0.00032195,-0.0061786703
space,0,0.0,0.0
spaceballs,1,0.0002516,0.0050698684
speaking,2,0.00113385,0.0169716462
speaks,2,0.00050365,-0.0095745781
specialty,0,0.0,0.0
specific,0,0.0,0.0
spectacular,1,0.000141925,0.0003730226
speech,0,0.0,0.0
spends,1,0.000354475,0.0044334246
spirit,0,0.0,0.0
spiriting,0,0.0,0.0
spiritually,1,0.00027545,-0.0051781316
spite,1,0.000644,-0.0123592597
splits,0,0.0,0.0
spontaneous,0,0.0,0.0
sport,0,0.0,0.0
sports,0,0.0,0.0
spot,1,0.000731475,0.0113331821
spotless,1,0.0006102,-0.0049359133
sprinkled,1,0.000731475,0.0113331821
square,1,0.0006102,-0.0049359133
ss,0,0.0,0.0
st,0,0.0,0.0
stage,1,0.000278775,0.0043066776
stained,1,0.00027545,-0.0051781316
stand,1,0.000457,0.0085012055
standard,0,0.0,0.0
standing,0,0.0,0.0
stands,0,0.0,0.0
stapleton,1,0.00072185,-0.0149809273
star,1,0.0001289,0.0003387889
staring,1,0.000340825,0.0070685758
stark,1,0.000141925,0.0003730226
starred,1,0.000569325,0.0078311832
starring,1,0.000634725,0.0075923842
stars,5,0.001804425,-0.0006790303
start,1,0.000705425,-0.0056463653
started,0,0.0,0.0
starts,2,0.00093645,-0.0114103294
starved,0,0.0,0.0
stated,1,0.0002516,0.0050698684
states,0,0.0,0.0
stay,1,0.000348275,-0.004786896
stays,2,0.0010088,-0.0122917904
steal,1,0.0001289,0.0003387889
steals,1,0.0003608,0.0101674541
steamy,0,0.0,0.0
steer,0,0.0,0.0
stellar,0,0.0,0.0
step,1,0.0002516,0.0050698684
stephen,0,0.0,0.0
stepped,1,0.000397275,0.0111953307
stereotypes,0,0.0,0.0
stetner,1,0.00033575,0.0083780427
stettner,3,0.001807625,0.0341962178
stevens,1,0.0002579,0.0006778407
stewart,1,0.00028395,0.0007463081
stick,2,0.0005545,0.0018546071
stiff,1,0.000800275,-0.0100707804
stigma,0,0.0,0.0
still,5,0.002376025,0.0177622093
stinker,0,0.0,0.0
stinks,1,0.0002516,0.0050698684
stock,0,0.0,0.0
stone,1,0.000337725,-0.0026396717
stop,1,0.000330675,0.0051084588
stories,2,0.000582975,0.0086840273
story,17,0.0056556,0.0500467356
storyline,2,0.000991925,0.0025893012
storyteller,1,0.00033575,0.0083780427
straight,1,0.000337725,-0.0026396717
straightforward,1,0.00049975,0.013958142
strain,1,0.0010935,-0.0163728
strange,2,0.00118265,-0.0080395909
strangulation,1,0.000337725,-0.0026396717
strap,0,0.0,0.0
street,1,0.000457,0.0092087833
streets,1,0.00100635,0.0202784662
strength,1,0.000397275,0.0111953307
strip,1,0.000141925,0.0003730226
strong,2,0.00102715,-0.0045068801
struck,0,0.0,0.0
struggle,1,0.000397275,0.0111953307
struggles,0,0.0,0.0
struggling,1,0.000250175,-0.0047029917
student,1,0.0015778,0.0076628515
students,1,0.0015778,0.0076628515
stuff,2,0.0008398,-0.013965765
stunning,1,0.000993125,-0.0148699012
stupid,1,0.000212125,0.004274427
style,2,0.00149345,-0.0242754148
styled,1,0.0006102,-0.0049359133
subculture,1,0.00038345,-0.0052703619
subject,1,0.00038345,-0.0052703619
submerged,1,0.000141925,0.0003730226
submitted,1,0.0002516,0.0046803136
subscribe,1,0.000634725,0.0075923842
subtitles,0,0.0,0.0
succeed,1,0.0002516,0.0050698684
succeeded,1,0.000397275,0.0111953307
succeeds,1,0.0002516,0.0050698684
success,0,0.0,0.0
successfully,1,0.001041925,0.0009060697
such,8,0.0041564,-0.0048028592
sucker,1,0.00049975,0.013958142
sudden,1,0.0002516,0.0046803136
suddenly,1,0.0002516,0.0046803136
suffer,0,0.0,0.0
suffered,1,0.000340825,0.0070685758
sufficient,0,0.0,0.0
suffocate,1,0.000141925,0.0003730226
suggest,0,0.0,0.0
suit,1,0.001269425,-0.0240380732
suits,0,0.0,0.0
summer,1,0.00049975,0.013958142
sun,0,0.0,0.0
sundance,1,0.00049975,0.013958142
sunken,1,0.000141925,0.0003730226
sunshine,1,0.000340825,0.0070685758
superb,1,0.00066875,0.0118472711
superiority,0,0.0,0.0
supernatural,1,0.000836725,-0.0066973172
supply,1,0.000141925,0.0003730226
support,0,0.0,0.0
supporting,2,0.0005545,0.0018546071
supportive,1,0.0010619,-0.0166041122
supposed,2,0.001143725,-0.0237368087
sure,2,0.000937875,0.0003415563
surf,1,0.000337725,-0.0026396717
surpass,0,0.0,0.0
surprise,0,0.0,0.0
surprised,1,0.000694575,-0.0047031987
surrogate,1,0.000337725,-0.0026396717
survive,1,0.0007889,0.0038314257
survivor,2,0.000433825,0.0079476487
survivors,1,0.0002516,0.0050698684
susan,1,0.000337725,-0.0026396717
suspense,5,0.003006775,0.0042375817
suspenseful,2,0.000919525,0.0101394925
suspenser,1,0.0002516,0.0046803136
sweden,1,0.000337725,-0.0026396717
swedish,1,0.000675475,-0.0052795388
sweet,0,0.0,0.0
swing,0,0.0,0.0
swinging,0,0.0,0.0
sympathetic,0,0.0,0.0
sympathy,1,0.00027545,-0.0051781316
synopsis,1,0.000330675,0.0051084588
t,22,0.009778475,-0.0145297327
table,0,0.0,0.0
tact,1,0.00032195,-0.0061786703
tailspin,1,0.0002516,0.0046803136
take,5,0.0022657,-0.0107740594
taken,3,0.00101765,0.0090704211
takes,4,0.001547125,-0.0109471905
takeshi,0,0.0,0.0
tale,1,0.0003903,0.0048814884
talent,0,0.0,0.0
talented,1,0.000306725,-0.0023973745
talents,0,0.0,0.0
talk,4,0.00131835,0.0086167007
talking,2,0.001172675,-0.0064935331
talks,0,0.0,0.0
tambor,2,0.00089725,0.0164516627
tan,0,0.0,0.0
tangible,0,0.0,0.0
tape,1,0.000330675,0.0051084588
tapped,0,0.0,0.0
tarantino,1,0.000836725,-0.0066973172
tastes,0,0.0,0.0
tattered,0,0.0,0.0
tatty,0,0.0,0.0
taupin,1,0.000862775,0.0063526048
tea,1,0.0010935,-0.0163728
teach,1,0.000634725,0.0075923842
teachers,1,0.00286585,0.0139184833
teaching,1,0.0007889,0.0038314257
teacup,1,0.0002516,0.0046803136
tears,0,0.0,0.0
tease,0,0.0,0.0
technical,1,0.0009688,-0.0139066999
techniques,1,0.00027545,-0.0051781316
technology,1,0.0002516,0.0050698684
ted,0,0.0,0.0
teddy,1,0.0002516,0.0050698684
teenage,1,0.001648375,-0.0307628482
teens,3,0.004065925,-0.0559891299
teeth,0,0.0,0.0
telephone,1,0.000569325,0.0078311832
television,0,0.0,0.0
tell,1,0.0009995,0.0279162841
telling,0,0.0,0.0
tells,1,0.00030935,0.0038690455
tempest,1,0.0002516,0.0046803136
template,0,0.0,0.0
ten,1,0.0006747,-0.0084905258
tenant,0,0.0,0.0
tender,1,0.0002516,0.0050698684
tense,1,0.00262965,-0.0018731361
tension,2,0.0010415,0.0064474806
tensions,0,0.0,0.0
tenuta,1,0.000694575,-0.0047031987
term,1,0.000306725,-0.0023973745
terrible,0,0.0,0.0
terribly,0,0.0,0.0
terrific,2,0.001099875,-0.0046611744
terry,3,0.000773975,0.0153163013
th,0,0.0,0.0
than,12,0.0036941,0.0129640467
thanks,1,0.000569325,0.0078311832
that,32,0.0160107,0.0381384882
the,40,0.054938875,0.024752456
theater,1,0.000232225,-0.0043655531
theatrical,1,0.000141925,0.0003730226
their,12,0.0044825,0.0049619697
them,7,0.001491125,-0.0070227425
theme,1,0.0007486,-0.0158482376
themselves,1,0.000232225,-0.0043655531
then,3,0.000787425,0.0008960784
therapy,0,0.0,0.0
there,12,0.005822075,0.020716807
these,8,0.00236665,0.0098360891
thespian,1,0.000337725,-0.0026396717
they,13,0.005305275,-0.0471556113
thin,0,0.0,0.0
thing,7,0.003562375,-0.0291949733
things,4,0.00168615,-0.0021066181
think,15,0.00463865,-0.0156668766
thinking,2,0.000858425,-0.0155498423
thinks,0,0.0,0.0
third,2,0.00145635,-0.0057352626
thirty,1,0.0002516,0.0050698684
this,31,0.016194875,-0.0651025577
thomas,3,0.001501475,-0.0310271532
those,7,0.001956125,0.006127773
though,6,0.003730025,-0.0026871895
thought,6,0.002030075,-0.0046524487
threatens,0,0.0,0.0
three,3,0.002054475,-0.008069941
thrill,1,0.000731475,0.0113331821
thriller,6,0.003590625,0.0191639676
thrillers,1,0.000731475,0.0113331821
thrilling,2,0.001673125,-0.0083235614
thrills,1,0.000800275,-0.0100707804
throat,1,0.0006102,-0.0049359133
through,11,0.00336855,0.0033254467
throughout,2,0.0012074,0.0119583392
throw,1,0.000756425,-0.0055268116
thrown,1,0.0002516,0.0050698684
ticket,1,0.0006102,-0.0049359133
tics,1,0.000337725,-0.0026396717
tie,1,0.00033575,0.0083780427
tile,1,0.000141925,0.0003730226
till,0,0.0,0.0
tilt,1,0.0002516,0.0046803136
time,15,0.005438275,-0.0135970478
times,3,0.001030725,0.0156783684
timid,1,0.000694575,-0.0047031987
timidity,1,0.000694575,-0.0047031987
titanic,1,0.000890725,3.0471e-06
titans,0,0.0,0.0
titillate,1,0.000824225,-0.0174492568
title,0,0.0,0.0
to,38,0.02429155,-0.0041913076
together,2,0.000991925,0.0025893012
tokyo,0,0.0,0.0
told,1,0.0007922,0.0221263434
tolerable,1,0.00032195,-0.0061786703
tomlin,1,0.00032195,-0.0061786703
tones,1,0.00033575,0.0083780427
toni,7,0.0027167,0.0493482336
too,11,0.004615975,-0.0053452635
took,1,0.000250175,-0.0047029917
top,3,0.0011332,0.0238111662
topics,1,0.0010935,-0.0163728
torn,1,0.0003903,0.0048814884
torrential,0,0.0,0.0
torture,1,0.00038345,-0.0052703619
total,1,0.000756425,-0.0055268116
totally,0,0.0,0.0
touch,1,0.00049975,0.013958142
touches,1,0.0003608,0.0101674541
tournament,0,0.0,0.0
towering,1,0.000337725,-0.0026396717
town,0,0.0,0.0
toy,1,0.0001289,0.0003387889
track,1,0.00072185,-0.0149809273
trading,0,0.0,0.0
traditionally,1,0.000890725,3.0471e-06
traffic,1,0.0006102,-0.0049359133
trained,0,0.0,0.0
trait,1,0.0002516,0.0046803136
transformation,0,0.0,0.0
transitional,1,0.001314825,-0.000936568
translated,1,0.00077775,-0.0056041827
transparent,0,0.0,0.0
trapped,2,0.0004213,-0.0052727756
trash,0,0.0,0.0
trashy,0,0.0,0.0
trauma,0,0.0,0.0
travails,1,0.0002516,0.0046803136
treasure,1,0.0002516,0.0050698684
treat,0,0.0,0.0
triangle,1,0.000141925,0.0003730226
tricked,1,0.000337725,-0.0026396717
tricks,1,0.000337725,-0.0026396717
tried,2,0.002213575,-0.0244594044
tries,1,0.000681775,0.0060557057
tripe,1,0.00027545,-0.0051781316
triumph,0,0.0,0.0
trouble,0,0.0,0.0
troubled,2,0.0009155,-0.0007689558
troubles,0,0.0,0.0
troubling,1,0.000330675,0.0051084588
truck,1,0.001314825,-0.000936568
true,4,0.00177625,0.0097823642
truly,3,0.001704675,0.0139106861
trust,1,0.0003608,0.0101674541
truth,1,0.00027545,-0.0051781316
truths,1,0.0002516,0.0046803136
try,2,0.0015012,-0.026618903
trying,2,0.00044295,-0.0041291479
turmoil,1,0.001269425,-0.0240380732
turncoat,1,0.000736325,0.013044399
turned,1,0.0016336,-0.0234496128
turning,1,0.00028475,-0.0022256171
turns,2,0.001513725,-0.0116645529
tv,2,0.000979175,-0.0126813411
twenties,0,0.0,0.0
twentieth,0,0.0,0.0
twenty,1,0.000348275,-0.004786896
twist,1,0.000836725,-0.0066973172
twists,0,0.0,0.0
two,7,0.002722025,-0.0072275858
typical,2,0.00198185,-0.0124692206
u,0,0.0,0.0
ubiquitous,1,0.000694575,-0.0047031987
ufortunately,1,0.00032195,-0.0061786703
ugly,0,0.0,0.0
ulterior,1,0.0002516,0.0046803136
ultimately,3,0.001155175,0.0051807822
unable,0,0.0,0.0
unbearably,1,0.0010619,-0.0166041122
undeniable,0,0.0,0.0
under,3,0.001167825,0.0185126825
undercover,0,0.0,0.0
underdog,0,0.0,0.0
underlines,1,0.0002516,0.0046803136
underrated,1,0.000890725,3.0471e-06
understand,0,0.0,0.0
understanding,1,0.00027545,-0.0051781316
understated,1,0.000340825,0.0070685758
underwrites,0,0.0,0.0
unexpected,0,0.0,0.0
unexpectedness,1,0.001041925,0.0009060697
unexplored,1,0.000824225,-0.0174492568
unfolds,1,0.0009463,0.0008229131
unfortunately,2,0.00093645,-0.0114103294
uniforms,0,0.0,0.0
uninspired,1,0.00072185,-0.0149809273
unique,0,0.0,0.0
unless,1,0.000348275,-0.004786896
unlike,1,0.000890725,3.0471e-06
unmasking,1,0.0006102,-0.0049359133
unmentioned,1,0.0002516,0.0046803136
unmistakable,1,0.00027545,-0.0051781316
unnatural,1,0.0009688,-0.0139066999
unnecessary,2,0.0016949,-0.0150253245
unpalatable,1,0.0010619,-0.0166041122
unscathed,1,0.001624175,-0.0365085135
unsettled,1,0.000340825,0.0070685758
unsettling,1,0.0002516,0.0046803136
unsympathetic,1,0.000141925,0.0003730226
until,7,0.00225315,-0.0070930585
unusual,1,0.001314825,-0.000936568
unusually,0,0.0,0.0
up,6,0.00136165,0.0099259969
upon,0,0.0,0.0
upper,1,0.0006747,-0.0084905258
urgency,1,0.000141925,0.0003730226
us,6,0.0016689,0.0032841018
use,2,0.001036575,-0.0013025664
used,1,0.000424225,0.0085483503
useful,1,0.0003903,0.0048814884
users,0,0.0,0.0
using,2,0.000478675,-9.86001e-05
usual,1,0.00066875,0.0118472711
usually,0,0.0,0.0
utter,1,0.000634725,-0.0131733591
utterly,1,0.00032195,-0.0061786703
vagrant,1,0.0002516,0.0050698684
vain,0,0.0,0.0
valli,0,0.0,0.0
valuable,2,0.0004864,0.0052822323
value,0,0.0,0.0
values,1,0.0001289,0.0003387889
vampirism,0,0.0,0.0
vardon,0,0.0,0.0
various,1,0.00033575,0.0083780427
ve,2,0.0008018,0.0148089578
vehicle,1,0.000634725,0.0075923842
veil,1,0.000694575,-0.0047031987
vein,0,0.0,0.0
vending,1,0.000330675,0.0051084588
veneer,1,0.000354475,0.0044334246
venice,0,0.0,0.0
versatile,0,0.0,0.0
version,5,0.00172605,0.0183215469
versions,1,0.000141925,0.0003730226
very,13,0.00687535,0.0236897933
via,0,0.0,0.0
viable,0,0.0,0.0
video,2,0.000398425,0.0046211547
videos,0,0.0,0.0
view,2,0.0031481,-0.0139914097
viewer,0,0.0,0.0
viewers,2,0.0012038,-0.0175579477
viewing,1,0.001648375,-0.0307628482
vigilance,1,0.0003903,0.0048814884
villain,0,0.0,0.0
vilmos,1,0.0009688,-0.0139066999
violence,0,0.0,0.0
violent,1,0.0008799,-0.0126305793
vip,1,0.000141925,0.0003730226
visconti,0,0.0,0.0
visions,0,0.0,0.0
visual,1,0.000306725,-0.0023973745
visually,0,0.0,0.0
visuals,1,0.0010935,-0.0163728
vivid,1,0.0003903,0.0048814884
vividly,0,0.0,0.0
voice,2,0.000937375,0.0131165139
volumes,1,0.001041925,0.0009060697
vote,1,0.0002516,0.0050698684
vulnerable,0,0.0,0.0
waist,0,0.0,0.0
waiting,1,0.0006192,0.005499898
waitress,1,0.00033575,0.0083780427
walk,0,0.0,0.0
walked,1,0.00027545,-0.0051781316
walker,3,0.0022675,-0.0310782412
walking,1,0.000337725,-0.0026396717
walks,0,0.0,0.0
wall,1,0.0002516,0.0050698684
walter,0,0.0,0.0
wanna,0,0.0,0.0
want,3,0.00121395,0.0025784986
wanted,0,0.0,0.0
wanting,0,0.0,0.0
wants,5,0.0016658,0.0306043263
war,1,0.0002516,0.0050698684
warehouse,1,0.00066875,0.0118472711
warren,3,0.002372025,0.0326565179
wars,0,0.0,0.0
was,22,0.0129086,-0.0100723932
washington,1,0.00032195,-0.0061786703
wasn,2,0.00149025,-0.0039393379
wasp,0,0.0,0.0
waste,2,0.001034075,0.0010160976
wasted,1,0.000756425,-0.0055268116
watch,8,0.004022175,-0.0418317472
watchable,1,0.0010935,-0.0163728
watched,2,0.00059845,-0.0094898878
watching,2,0.000764975,0.0017444159
water,1,0.000141925,0.0003730226
way,4,0.001665525,0.005684994
ways,1,0.001314825,-0.000936568
we,4,0.00257745,0.0109648462
weak,1,0.00038345,-0.0052703619
wealthy,0,0.0,0.0
web,0,0.0,0.0
weird,1,0.000836725,-0.0066973172
weirdest,0,0.0,0.0
welcome,1,0.0007889,0.0038314257
well,10,0.004356725,0.0032558819
went,0,0.0,0.0
were,14,0.006342625,-0.0086936921
weren,0,0.0,0.0
werner,0,0.0,0.0
what,12,0.00440255,0.0051827288
whatever,1,0.000500325,-0.0094055135
when,14,0.00392395,0.0033016642
where,8,0.0031003,0.021143045
which,13,0.00443235,0.0343694775
while,3,0.00152365,0.0084447072
whims,0,0.0,0.0
whining,2,0.001214625,-0.0197833533
who,20,0.006476225,0.0068324346
whole,4,0.0026917,-0.0113565815
whom,1,0.00032195,-0.0061786703
whoopi,1,0.000694575,-0.0047031987
whose,2,0.0012406,0.0142708455
why,3,0.002240675,-0.0171710051
wide,0,0.0,0.0
widening,1,0.000330675,0.0051084588
wilde,1,0.000337725,-0.0026396717
will,9,0.003203475,-0.0024829446
willem,1,0.000634725,-0.0131733591
william,3,0.0013308,0.0175616239
williams,12,0.008987525,0.1331008018
wilson,2,0.0003574,0.0049431806
window,0,0.0,0.0
windows,0,0.0,0.0
wine,1,0.00027545,-0.0051781316
winner,1,0.000425875,0.0011193307
winners,0,0.0,0.0
winning,0,0.0,0.0
winter,1,0.000337725,-0.0026396717
wisconsin,1,0.001007125,0.0251310091
wish,0,0.0,0.0
wishing,0,0.0,0.0
wisp,0,0.0,0.0
with,25,0.009557175,0.0132123692
withdrawal,0,0.0,0.0
within,1,0.0003608,0.0101674541
without,5,0.00181705,0.0114486657
withstanding,0,0.0,0.0
wives,2,0.001019225,-0.0147580391
woman,6,0.0022712,0.0032365186
women,1,0.000300325,0.0046395945
won,1,0.000677775,0.0099001752
wonder,1,0.000453875,0.0126768419
wonderful,1,0.00049975,0.013958142
wondering,1,0.0009463,0.0008229131
wont,0,0.0,0.0
wood,1,0.0010619,-0.0166041122
wooden,1,0.00096445,-0.0150803616
woody,7,0.004159175,-0.0682671443
word,0,0.0,0.0
words,2,0.0012452,0.0187425878
work,7,0.00237855,-0.0014520988
worker,1,0.000141925,0.0003730226
workers,0,0.0,0.0
working,0,0.0,0.0
works,1,0.00033575,0.0083780427
world,4,0.001265425,0.0139973409
worn,1,0.001648375,-0.0348969258
worried,1,0.000141925,0.0003730226
worrying,1,0.000503175,0.0101392331
worse,2,0.000855725,-0.0088076857
worst,3,0.0021649,-0.040721307
worth,4,0.00212265,-0.0033313583
would,11,0.00487675,-0.0179609289
wouldn,0,0.0,0.0
wow,1,0.00072185,-0.0149809273
wrapped,1,0.0003903,0.0048814884
wrenching,0,0.0,0.0
write,0,0.0,0.0
writer,3,0.001364675,0.0137475353
writers,2,0.00093115,0.0003680683
writing,0,0.0,0.0
written,6,0.001661275,0.0202412276
wrong,1,0.000726825,-0.0091464746
wrote,2,0.000533425,0.0118594626
wrought,1,0.00027545,-0.0051781316
x,1,0.000681775,0.0060557057
ya,1,0.00032195,-0.0061786703
yadayadayada,0,0.0,0.0
yang,0,0.0,0.0
yeah,0,0.0,0.0
year,6,0.002424725,0.0110063097
years,8,0.00235845,0.0056823326
yes,1,0.001041925,0.0009060697
yet,2,0.00108925,0.0077597342
yoko,0,0.0,0.0
york,5,0.0013075,0.016734002
yorker,1,0.000337725,-0.0026396717
you,19,0.010694925,0.0109631071
young,5,0.001170475,0.0134233235
your,4,0.001535825,0.0063026269
yours,1,0.000337725,-0.0026396717
yourself,1,0.00070635,-0.0050897004
youth,1,0.0002285,0.0042506028
youthful,1,0.00077775,-0.0056041827
zhang,0,0.0,0.0
zsigmond,1,0.0009688,-0.0139066999
zuotian,0,0.0,0.0
